True_Y,"SVM (RBF, C=10)"
0,0
0,1
0,1
0,0
0,1
0,1
0,1
0,0
0,0
0,0
0,0
0,0
0,1
0,1
1,1
0,1
0,1
0,0
0,0
0,0
0,0
0,1
0,0
0,1
0,1
0,1
1,0
0,0
0,1
0,1
0,1
0,1
1,1
0,1
0,0
0,0
1,0
0,1
0,1
0,1
1,1
0,1
0,0
0,0
0,1
0,1
0,0
0,0
1,0
0,0
1,0
0,0
0,1
0,1
0,0
0,1
0,1
1,0
0,1
0,0
0,1
0,1
0,0
0,1
0,1
0,1
0,1
0,0
0,1
0,0
0,1
0,1
0,1
0,0
0,1
0,0
0,0
0,0
0,1
0,0
0,0
0,1
0,0
0,0
0,1
0,1
0,1
0,0
0,1
0,1
0,0
0,1
0,0
0,0
0,1
1,0
0,1
0,0
0,1
0,1
0,1
0,0
0,0
1,0
0,0
0,0
0,1
0,1
0,1
0,1
0,0
0,0
0,0
1,0
0,0
0,0
1,0
0,0
0,1
0,1
0,0
0,1
0,0
0,1
0,0
0,1
0,0
0,0
0,1
0,1
0,1
0,1
1,0
0,1
0,1
0,1
0,0
0,0
0,1
1,0
1,1
1,1
0,0
0,1
1,1
0,1
0,0
0,0
0,0
0,0
0,1
0,0
0,1
0,0
0,0
0,0
1,1
0,1
1,1
0,0
0,1
0,0
0,1
0,0
0,1
0,0
0,0
0,1
0,1
0,0
0,0
0,0
0,1
0,1
0,0
0,0
0,0
0,1
0,1
0,1
0,1
0,0
0,0
0,0
0,0
0,0
0,1
0,1
0,1
0,1
0,0
0,0
0,1
0,1
0,0
0,1
0,0
1,1
0,0
1,0
0,1
0,0
0,0
1,1
0,0
0,0
0,1
0,0
0,1
0,0
0,0
0,1
0,0
0,0
0,0
0,1
0,0
0,1
0,1
0,1
0,0
0,0
0,0
0,1
1,0
0,0
0,1
0,1
0,0
0,0
0,0
0,0
0,0
1,0
0,1
0,1
0,0
0,0
0,1
0,0
0,1
1,0
0,0
0,0
0,1
0,0
0,0
0,1
0,1
0,0
0,0
0,0
0,0
0,0
0,1
1,0
0,1
0,0
0,0
0,0
0,0
0,1
1,0
0,0
0,0
0,1
0,0
0,0
0,0
1,0
0,0
1,1
0,0
0,0
0,1
0,1
0,0
0,0
0,0
0,1
0,1
0,1
1,0
0,0
0,0
0,1
0,1
0,0
0,0
0,0
0,0
0,1
0,1
0,1
0,1
0,1
0,1
0,1
0,0
0,0
0,1
0,1
0,0
0,1
0,0
0,0
0,0
0,1
0,0
1,1
0,1
0,0
0,1
0,1
0,0
1,1
0,0
0,0
0,1
0,1
0,1
0,1
1,0
1,1
0,1
0,1
0,1
0,0
0,1
0,0
0,0
0,0
0,0
0,1
0,1
0,1
0,0
0,0
0,1
0,1
0,0
0,0
0,1
0,1
0,1
1,0
0,0
0,1
0,0
0,0
0,0
1,0
0,0
0,0
0,1
0,1
0,0
0,1
0,0
0,0
1,1
0,0
0,0
0,1
0,1
0,0
0,1
1,0
0,1
1,0
0,1
0,0
0,1
0,1
0,1
1,0
0,0
0,1
0,0
0,1
0,1
0,1
0,0
0,0
1,0
0,1
0,0
0,0
0,1
0,1
0,1
0,1
0,0
0,1
0,0
0,0
0,0
1,1
1,0
1,1
0,0
0,1
0,1
0,1
0,0
0,1
0,1
0,0
0,0
0,0
0,1
0,1
0,1
0,0
0,1
0,0
0,0
0,1
1,0
0,1
0,1
0,0
1,0
0,1
0,0
0,1
0,0
0,1
0,0
0,1
0,1
0,0
1,1
0,0
0,0
0,0
0,1
1,0
0,0
0,1
0,1
0,1
0,1
0,0
0,1
0,1
0,1
0,1
0,0
0,1
0,0
0,1
1,0
0,0
0,1
0,1
0,0
1,1
0,1
0,1
0,0
0,1
0,0
0,1
0,0
1,1
0,1
0,0
0,0
0,0
0,0
0,0
0,1
1,1
0,1
0,0
0,1
0,1
0,1
0,1
0,0
0,0
0,1
0,1
0,0
0,0
0,0
1,0
0,1
0,1
0,1
0,0
0,1
0,0
0,0
0,0
0,0
0,1
0,1
0,0
0,0
0,1
1,1
0,1
0,0
1,0
0,1
0,0
0,1
0,1
0,0
0,1
0,0
0,1
0,1
0,0
0,0
1,1
0,1
0,1
0,1
0,1
1,0
0,1
0,0
0,0
0,0
0,0
0,0
0,1
0,0
0,0
0,1
0,1
0,1
0,1
0,1
0,1
0,0
0,0
0,1
0,0
0,0
0,0
0,0
0,1
0,1
0,0
1,0
0,0
0,1
0,1
0,0
0,1
1,1
0,1
0,0
0,1
0,0
1,0
0,1
0,0
0,0
0,0
0,0
0,1
0,1
0,0
0,1
0,1
1,1
0,0
0,1
0,1
1,1
1,0
0,0
0,0
0,0
0,0
0,0
0,1
0,1
0,0
0,0
1,1
0,1
0,1
0,1
0,0
0,1
0,0
0,1
0,0
0,1
0,0
0,0
0,0
0,0
0,1
0,1
0,1
0,1
0,0
0,0
0,0
0,0
0,0
0,0
0,0
1,1
0,1
0,1
1,1
0,0
0,0
0,1
0,1
0,0
0,1
0,0
0,1
0,0
0,0
0,0
0,0
0,0
0,1
0,1
0,0
0,0
0,0
0,1
0,0
0,0
0,0
0,0
0,1
0,1
0,0
1,1
0,0
0,1
0,0
0,1
0,0
0,1
0,0
0,0
0,0
0,0
0,0
0,0
0,1
0,1
0,0
1,1
0,1
1,0
0,0
0,1
0,0
1,0
0,1
0,0
0,1
0,0
0,1
0,1
0,1
0,0
0,1
1,1
0,1
0,0
0,0
0,1
0,0
0,0
0,0
0,1
0,1
0,1
0,1
0,1
0,1
0,1
0,1
0,0
0,0
0,0
0,0
0,1
0,0
0,1
0,0
0,1
0,0
0,1
0,1
0,1
0,1
0,0
0,1
0,0
1,1
0,1
0,0
0,0
0,1
0,0
0,0
0,0
0,1
1,1
0,0
0,0
1,1
0,0
0,0
0,1
1,1
0,0
0,0
0,0
0,0
0,1
0,0
0,1
0,0
0,0
0,1
0,1
0,1
0,0
0,1
0,0
0,0
0,0
0,0
1,1
0,0
0,1
0,1
0,0
0,1
0,1
0,0
0,1
0,0
0,0
0,1
0,0
0,0
0,1
0,0
0,1
0,0
1,1
0,0
0,0
0,1
0,1
0,1
0,1
0,0
0,0
1,1
0,1
0,0
0,0
0,0
0,1
0,1
0,1
0,1
0,0
0,0
0,1
0,1
1,1
1,0
0,0
0,1
0,1
0,1
1,1
0,0
0,1
0,0
0,1
0,0
0,0
0,1
0,0
0,1
0,0
0,1
0,0
0,1
1,0
0,0
0,1
0,1
0,1
0,1
0,0
0,1
0,1
0,1
0,0
1,0
0,0
0,1
0,1
0,0
0,1
0,0
0,1
0,1
0,0
0,1
0,0
0,0
0,0
0,0
0,0
0,0
0,1
0,0
0,1
0,0
0,1
0,0
0,0
1,0
0,0
1,1
0,1
0,1
0,1
0,0
0,1
0,1
0,0
0,0
0,0
0,0
1,1
0,1
0,1
0,0
0,0
0,0
0,0
0,1
0,1
0,1
0,0
0,0
0,1
0,0
0,0
0,0
0,1
0,0
0,0
0,0
0,0
0,1
0,1
0,1
0,1
0,0
1,0
0,0
0,1
0,1
1,1
0,0
0,0
0,0
0,0
0,1
0,0
1,1
0,0
0,0
0,0
1,1
1,1
0,0
0,0
0,1
0,0
0,0
0,1
0,1
0,1
0,0
0,0
0,0
0,0
0,0
0,1
0,0
0,1
0,0
0,1
0,0
0,0
0,0
0,0
1,0
0,0
0,1
0,0
1,1
0,0
0,0
0,0
0,0
0,1
0,0
0,1
0,1
1,0
0,0
0,1
0,0
0,0
0,1
0,1
0,0
0,0
1,1
0,1
0,0
0,1
0,0
0,1
1,0
0,1
0,0
0,0
0,1
1,1
0,0
0,1
0,0
0,0
0,0
1,0
0,1
1,0
0,1
0,0
0,1
0,1
0,1
0,1
0,1
1,1
1,0
1,0
0,0
0,0
0,0
0,0
0,1
0,0
0,0
0,1
0,1
0,1
1,0
0,1
0,1
0,0
0,1
0,1
0,1
0,0
1,1
0,1
0,1
0,0
0,1
0,1
0,1
0,0
0,0
0,1
0,0
0,1
0,1
0,1
0,1
0,0
0,1
0,0
0,0
0,1
0,0
0,0
1,1
0,1
0,0
1,1
0,1
0,1
0,0
1,0
0,0
0,1
0,1
0,0
0,1
0,1
1,0
0,1
0,0
0,0
0,1
0,0
1,1
0,0
0,1
0,1
0,0
0,0
0,1
0,0
0,1
0,0
0,0
0,1
0,1
0,1
0,0
0,0
1,1
0,0
0,0
0,1
0,0
0,0
0,1
0,0
0,1
0,0
0,0
0,0
0,0
0,0
0,1
0,0
0,0
0,0
1,0
0,1
0,0
0,0
0,0
0,1
0,1
0,0
0,0
0,0
0,0
0,1
0,0
0,0
0,0
0,1
0,1
0,1
0,1
0,1
0,0
1,0
0,0
0,0
0,0
0,0
0,1
0,0
0,1
0,1
0,0
0,1
0,0
0,1
0,0
0,0
0,0
0,1
0,0
0,1
0,0
0,1
0,0
1,0
0,1
0,0
1,0
0,0
0,1
0,1
0,1
0,1
0,1
1,0
0,1
0,0
0,1
0,1
1,0
0,0
0,1
0,0
0,0
0,1
1,0
0,0
0,0
0,1
0,1
0,0
0,0
0,0
0,0
1,1
0,1
0,0
0,0
0,1
0,1
0,1
0,1
0,0
0,0
0,0
0,0
0,1
0,1
1,1
0,0
0,1
0,1
0,0
0,1
0,1
0,0
0,0
0,1
0,1
0,0
0,1
0,1
0,1
0,0
0,0
0,1
0,1
1,0
0,1
0,0
0,1
0,1
0,1
0,1
0,0
0,1
0,1
0,0
0,0
0,1
0,1
0,1
0,0
0,1
0,1
0,0
0,0
0,1
0,1
0,0
0,0
0,1
0,1
0,1
0,0
0,1
0,0
0,1
0,1
0,0
0,0
0,1
0,1
0,1
0,0
0,0
0,0
0,1
0,1
0,1
0,0
0,0
0,0
0,0
0,0
0,0
0,0
0,1
0,1
0,1
0,0
1,1
1,1
0,1
0,1
0,1
1,0
0,1
0,0
0,1
0,0
0,1
0,1
0,0
0,1
0,1
0,0
0,1
0,0
0,0
0,0
0,0
0,0
0,1
0,1
0,0
1,0
0,1
0,0
0,1
1,1
0,0
0,1
0,0
0,0
0,0
0,0
0,1
0,1
1,0
1,1
0,0
0,1
0,1
0,1
0,0
1,0
0,1
0,0
0,1
0,0
0,1
1,0
1,1
0,1
1,0
0,0
0,0
0,1
0,0
0,1
0,1
1,0
0,0
0,0
0,1
0,0
0,0
0,0
0,1
0,0
0,0
0,1
1,0
0,0
0,0
0,0
0,0
0,0
1,0
0,0
0,1
0,1
0,0
0,1
0,0
0,0
0,1
0,1
0,1
0,1
0,1
0,1
0,0
0,0
0,1
1,1
0,0
0,1
0,1
1,1
1,0
0,1
0,1
0,1
0,1
0,0
0,0
1,0
0,0
0,0
0,1
0,1
0,0
0,0
0,0
0,1
0,0
0,1
0,0
0,1
1,0
0,0
0,0
0,1
0,1
1,0
0,0
0,1
0,0
0,1
0,0
0,0
0,0
0,0
0,0
0,0
0,1
0,1
1,0
0,0
0,1
0,0
0,1
0,0
0,1
0,0
0,1
0,0
0,0
0,0
0,1
0,0
0,0
0,1
0,0
0,1
0,1
0,0
0,0
0,0
0,1
0,1
0,1
0,0
0,1
0,0
0,1
1,1
0,0
0,0
0,0
0,0
0,1
0,0
0,0
0,1
0,0
0,1
0,0
0,0
0,1
0,1
0,0
0,0
0,0
0,1
0,1
0,0
0,0
0,0
0,1
1,0
0,1
0,1
0,1
0,1
0,0
0,1
1,0
0,0
0,0
0,0
0,1
0,1
0,1
0,0
0,0
1,1
0,1
0,0
0,1
0,1
0,1
0,0
0,0
0,1
0,0
0,0
0,0
1,0
0,1
0,1
0,1
0,0
0,1
1,0
0,1
0,1
1,1
0,1
0,1
0,1
0,0
0,1
0,0
0,1
0,0
0,1
1,0
0,0
0,0
0,1
0,0
0,0
0,1
0,0
0,0
0,1
0,0
1,1
0,0
0,0
0,1
0,1
0,0
0,1
0,0
0,1
1,1
0,1
0,0
0,1
0,1
0,1
0,0
0,0
0,0
0,1
0,0
0,1
0,1
0,1
1,0
0,0
0,1
0,0
0,1
0,0
0,0
0,0
0,0
0,1
0,0
1,0
0,1
0,0
0,0
0,1
0,1
0,0
0,0
1,1
1,1
1,0
0,1
0,0
1,0
0,0
0,1
0,0
0,1
1,1
0,1
0,0
0,1
0,0
0,0
0,1
0,1
0,0
0,1
0,0
0,1
0,0
0,0
0,0
0,0
0,0
0,0
0,1
0,1
0,0
0,0
0,0
0,0
0,1
0,1
0,0
0,1
0,0
0,0
0,1
0,0
1,0
0,1
0,1
0,1
0,0
0,0
0,1
0,0
0,1
0,0
0,0
0,1
0,1
1,1
0,1
0,1
0,1
0,0
0,1
0,0
0,0
0,0
0,1
0,0
0,1
0,1
0,0
0,1
0,1
0,0
0,0
0,0
0,0
0,0
0,0
0,0
0,0
0,0
0,1
1,0
0,1
0,0
0,0
0,1
0,0
0,0
0,0
1,1
0,1
0,1
0,1
0,0
0,0
0,0
0,0
0,0
0,0
0,0
0,0
0,1
0,0
0,1
0,0
0,1
0,0
0,0
0,1
0,0
0,1
1,1
0,0
0,0
0,1
1,1
0,0
0,1
0,0
0,0
0,0
1,0
0,1
0,1
0,1
0,1
0,1
0,1
0,1
0,1
0,1
0,0
0,1
1,0
0,0
1,0
1,0
0,0
1,0
1,1
0,1
0,1
1,0
0,0
0,1
0,1
0,0
0,1
0,1
0,1
0,1
0,1
0,0
0,0
0,1
1,1
0,1
0,1
0,1
1,1
0,1
0,0
1,1
0,1
0,0
0,1
0,1
0,1
0,0
0,0
0,1
0,1
0,0
0,0
0,1
0,0
0,0
0,0
0,0
0,1
0,0
0,0
0,0
0,0
0,0
0,1
0,1
1,1
1,0
0,1
0,0
0,0
0,0
0,1
0,1
0,1
0,0
0,0
0,0
0,1
0,1
0,0
0,1
0,1
0,1
0,0
0,0
0,0
0,1
1,1
0,0
1,1
0,1
1,1
0,1
0,0
0,0
0,1
0,0
0,0
0,1
0,1
0,0
0,1
0,1
0,1
0,1
0,0
0,1
0,1
0,0
0,0
0,1
0,0
0,0
0,1
0,1
0,0
0,0
0,0
0,1
0,0
0,0
0,1
0,1
0,1
0,0
1,1
0,0
0,1
0,1
0,0
0,0
0,0
0,1
0,0
0,0
0,0
0,0
0,0
0,1
0,0
1,1
0,1
0,1
0,1
0,0
0,1
1,0
0,0
0,1
0,1
0,0
0,0
0,1
0,0
0,0
0,1
0,0
0,1
0,1
0,0
0,1
0,0
0,1
0,1
0,0
0,1
0,1
0,0
0,1
1,0
0,1
0,0
0,1
0,1
0,0
0,0
0,0
0,0
0,1
0,0
0,1
0,1
0,1
1,1
0,0
0,1
0,1
1,0
1,0
0,0
0,1
0,1
1,1
0,0
0,0
0,1
1,1
0,0
0,0
1,0
0,1
0,0
0,0
0,0
0,0
0,1
0,1
1,0
0,1
0,0
0,1
0,0
0,1
0,1
0,0
0,0
1,1
0,0
1,1
0,1
0,1
0,1
0,0
0,1
0,1
0,0
0,1
0,1
0,1
0,1
0,0
0,1
0,1
1,0
0,0
0,0
0,0
0,0
0,1
0,0
0,0
0,0
0,0
0,1
1,0
0,0
0,1
0,1
0,1
0,1
1,1
0,1
0,1
0,0
0,1
0,0
0,0
0,0
0,0
0,1
0,0
0,0
0,1
0,1
0,0
0,0
0,0
0,0
0,1
0,1
0,0
0,1
0,1
0,1
0,0
1,1
0,1
0,0
0,0
0,1
0,0
0,1
0,1
0,1
0,0
0,0
0,1
0,0
0,0
0,0
0,0
0,1
1,1
0,1
0,1
0,1
0,1
0,1
0,1
0,1
0,0
1,1
0,1
0,1
0,0
0,1
0,0
0,0
1,0
0,1
0,1
0,1
0,0
0,0
0,0
0,1
0,1
0,1
0,0
0,1
0,0
1,0
1,0
0,0
0,0
0,0
0,0
0,1
0,0
0,1
0,0
0,1
0,0
0,0
0,1
0,0
0,1
0,1
0,1
0,1
0,0
0,0
0,0
0,1
0,1
0,0
0,1
1,0
0,0
0,1
0,1
0,1
0,0
0,0
0,0
0,0
0,1
0,1
1,1
0,1
0,1
0,1
1,0
0,0
0,0
0,1
0,1
0,0
0,0
0,0
0,1
0,0
0,0
0,0
0,0
0,1
0,0
0,1
0,0
0,0
0,0
0,0
0,0
0,1
1,0
0,0
0,0
0,1
0,1
0,0
0,0
0,1
0,1
0,1
0,0
0,0
0,1
0,0
0,1
0,1
0,0
0,1
0,0
0,0
0,1
0,1
0,1
0,1
0,1
0,0
0,1
0,1
0,1
0,1
0,0
0,0
0,0
0,1
0,0
0,1
0,0
0,1
0,0
0,0
1,0
0,1
0,0
0,0
0,0
0,0
0,1
0,0
0,0
0,0
0,1
0,1
0,1
1,1
0,0
1,1
0,0
0,1
0,1
0,1
0,0
0,0
1,1
0,1
0,1
1,0
0,0
0,0
0,0
0,0
0,1
1,1
0,1
0,1
0,1
0,1
0,0
0,0
0,1
0,0
0,0
0,1
0,1
0,1
0,0
0,1
0,0
0,1
1,0
0,1
0,0
0,0
0,1
1,0
0,1
0,0
0,0
0,0
0,0
0,0
0,1
0,0
0,1
0,0
0,0
0,1
0,0
0,0
0,1
0,1
1,0
0,0
0,0
0,0
0,0
0,0
0,0
1,1
0,0
0,0
0,0
1,0
0,0
0,0
0,1
0,0
0,0
0,1
0,0
0,0
1,1
0,0
0,1
1,1
0,0
0,1
0,1
1,0
1,1
0,0
0,0
1,1
0,1
0,1
1,0
0,1
0,1
1,0
0,1
1,0
1,1
1,0
0,0
0,1
0,1
1,1
0,0
0,1
1,1
0,1
0,0
0,1
0,0
0,0
0,0
0,1
0,1
0,1
0,1
0,0
0,1
1,0
0,1
0,1
0,0
0,1
0,1
0,0
1,1
0,0
0,0
0,1
0,0
0,1
0,1
0,1
0,1
0,0
0,1
0,1
0,1
0,0
0,0
0,0
0,0
0,1
0,1
0,0
0,0
0,0
0,1
0,1
0,1
0,0
0,0
0,0
0,0
0,1
0,1
0,0
0,0
0,1
0,0
0,1
0,1
0,0
0,1
0,1
0,0
0,0
0,0
0,1
0,0
0,1
1,1
0,0
0,1
0,1
0,1
0,1
0,0
0,1
0,0
0,1
0,1
0,0
0,0
1,0
0,0
0,1
0,0
0,0
0,0
0,0
0,1
1,0
0,1
1,0
0,1
0,1
0,1
0,1
0,0
0,0
0,0
0,1
0,0
0,0
0,1
1,0
0,1
0,1
0,0
0,1
0,1
1,1
0,1
0,1
0,1
0,1
1,0
0,0
1,1
0,0
0,0
0,0
0,1
0,0
0,0
0,0
0,0
0,1
0,1
0,0
1,0
0,1
0,1
0,0
0,1
0,1
0,1
1,1
0,0
0,0
1,0
0,1
0,1
0,1
0,1
0,0
0,1
0,1
0,0
0,1
0,1
0,1
0,1
0,1
0,1
0,1
0,0
0,1
0,1
0,0
0,0
0,0
0,0
0,1
0,1
0,1
1,1
0,1
0,0
0,1
0,1
0,1
0,0
0,0
0,1
1,0
1,1
0,1
0,1
1,0
1,1
0,1
0,1
0,0
1,0
0,1
0,0
0,1
0,0
0,0
0,0
0,0
0,0
0,1
0,0
0,1
0,0
0,0
0,1
0,0
0,0
0,0
0,0
0,0
0,0
0,0
0,0
0,0
0,1
0,0
0,0
0,1
0,1
0,0
0,1
1,1
0,1
1,1
1,1
0,1
0,0
0,1
0,1
0,1
0,1
0,1
1,1
0,0
0,1
0,1
0,1
0,1
0,0
0,1
0,0
1,1
0,1
0,0
0,0
1,1
0,0
0,0
0,0
0,0
0,1
0,1
0,1
0,0
0,0
0,1
0,1
0,0
0,1
0,0
0,0
0,1
0,0
0,1
1,0
0,1
1,1
1,1
0,0
0,1
0,1
0,1
0,0
0,0
0,1
1,1
0,0
0,0
0,1
0,0
0,0
0,0
0,1
0,1
0,0
0,0
0,1
0,0
0,1
0,0
0,0
0,1
0,0
0,1
0,0
0,0
0,1
0,1
1,0
0,1
0,1
0,1
0,1
0,1
0,1
0,1
0,0
0,0
0,0
0,0
0,0
0,0
1,0
0,0
0,1
0,1
0,0
0,1
0,0
0,1
0,1
0,0
0,0
0,1
0,0
0,0
0,1
0,0
0,1
0,1
0,1
0,1
0,0
0,0
0,0
0,0
0,1
0,1
0,1
0,0
1,0
1,1
0,1
0,0
0,1
1,1
0,1
0,0
0,1
0,0
0,1
0,1
0,0
0,0
0,0
0,1
0,1
1,0
0,1
0,0
0,1
0,0
0,0
0,0
0,1
1,1
0,1
0,1
1,0
1,1
0,0
0,1
0,0
0,0
0,0
0,1
0,0
0,0
0,0
1,0
1,1
0,0
0,1
0,0
0,1
0,1
0,0
0,0
0,0
1,0
0,1
0,0
0,0
0,0
0,1
0,1
0,0
0,0
0,0
0,1
0,1
0,1
0,0
0,1
0,1
0,1
0,1
0,0
0,0
0,1
0,0
0,0
0,1
0,0
0,0
0,1
0,0
0,1
0,0
0,0
0,0
0,1
0,1
0,0
0,1
0,1
0,0
1,0
0,1
0,0
0,1
0,0
0,1
0,0
1,1
0,1
0,0
0,0
0,1
1,0
0,1
0,0
0,1
0,0
0,1
0,1
0,0
0,0
0,0
0,1
0,0
0,0
0,1
0,0
0,1
0,0
0,1
0,1
0,0
0,0
0,0
0,1
0,0
0,1
0,1
1,1
0,1
0,1
1,0
0,1
0,0
0,1
0,0
0,1
0,0
0,1
0,0
1,1
0,0
0,0
0,0
0,1
0,0
0,1
0,0
0,0
0,0
0,0
0,0
0,1
0,1
1,1
0,0
0,1
0,0
0,0
1,1
0,1
0,1
0,1
0,0
0,1
0,0
0,1
0,0
0,0
0,1
0,1
0,1
0,0
0,0
0,0
0,1
0,1
0,1
0,1
0,1
0,0
0,0
0,1
0,0
0,1
0,1
0,0
0,0
0,1
0,1
0,1
0,1
1,0
1,1
0,0
0,0
0,0
0,0
0,1
1,1
0,0
0,0
0,1
0,1
0,1
0,0
0,1
0,0
0,1
1,1
0,0
0,1
0,0
0,1
0,0
0,0
0,1
1,1
0,0
0,0
0,0
0,0
0,0
0,0
0,0
0,1
0,0
0,1
0,1
0,0
0,1
0,1
0,0
0,1
0,1
0,1
0,0
0,1
1,0
0,1
0,0
1,0
0,1
0,0
0,0
0,0
0,0
0,0
0,1
0,1
0,0
0,1
0,0
0,0
0,0
0,1
1,1
0,0
0,1
0,1
0,0
0,1
0,0
0,0
0,0
0,1
0,0
0,1
0,1
0,0
0,0
0,0
0,1
0,0
0,0
0,1
0,0
0,0
0,1
1,0
0,0
0,1
0,0
0,1
0,0
0,1
0,1
0,1
0,1
0,1
0,0
0,0
1,1
0,1
0,1
0,0
0,1
1,1
0,0
0,0
0,0
0,0
0,0
1,1
0,0
0,1
0,1
0,0
0,0
0,0
0,0
0,1
0,1
0,1
0,1
0,0
0,0
0,1
0,0
0,1
0,1
0,0
0,1
0,1
0,0
0,1
0,1
1,1
1,1
0,0
1,0
0,1
0,0
0,0
0,0
0,1
0,1
0,0
0,1
0,0
0,0
0,0
0,1
0,1
1,1
0,0
0,1
0,0
0,0
0,1
0,1
0,0
1,0
0,0
0,0
0,0
0,0
0,0
0,1
0,0
0,0
0,0
1,0
0,0
1,1
0,1
0,0
0,1
0,1
0,0
0,0
0,0
0,1
0,1
0,0
0,1
1,0
0,0
0,1
0,1
0,1
0,1
0,1
0,0
0,0
0,1
0,0
0,1
0,0
0,0
0,1
0,0
0,1
0,0
0,1
0,0
0,0
1,0
0,1
0,0
0,1
1,1
0,0
0,0
0,1
0,1
0,1
0,0
0,1
0,1
0,1
0,1
0,1
0,0
0,0
0,0
1,1
0,0
0,1
1,0
0,0
0,1
0,1
0,0
0,0
0,0
0,1
0,1
0,0
0,0
0,0
0,0
0,1
0,0
0,1
0,1
0,0
0,0
0,1
0,0
0,1
0,1
0,1
0,0
0,0
0,0
0,0
0,0
0,0
0,0
0,1
0,0
0,0
0,1
0,1
0,0
0,0
0,1
0,1
0,0
0,1
0,1
0,1
0,0
0,1
0,1
0,1
0,0
0,1
1,0
0,1
0,1
0,1
0,1
0,0
0,0
0,1
0,0
1,1
1,1
0,0
0,1
1,0
0,0
0,1
0,1
0,0
0,0
0,1
1,0
0,0
0,1
0,0
0,1
0,0
0,1
0,1
0,1
0,1
0,1
0,1
0,0
0,0
0,1
0,0
0,1
0,0
0,1
0,1
0,0
0,0
1,1
0,1
0,1
0,1
0,0
0,1
0,1
1,0
0,0
0,0
0,0
0,0
0,0
0,0
0,1
1,0
0,0
0,0
0,0
0,1
0,1
0,0
0,1
0,0
1,0
0,0
0,1
0,1
0,1
0,1
0,0
0,1
0,0
1,1
0,0
1,0
0,0
0,0
0,0
1,1
0,1
1,0
0,1
1,0
1,0
0,0
0,1
0,0
0,1
0,0
0,1
0,1
0,1
0,0
0,1
0,0
0,0
0,0
0,1
0,1
0,0
0,1
0,0
0,1
0,0
0,0
0,0
0,1
1,1
0,0
0,0
0,1
0,0
0,1
0,1
0,0
0,1
0,0
0,0
0,1
0,0
0,0
0,1
0,0
0,0
1,0
0,1
1,1
0,1
0,0
0,1
1,0
0,1
0,1
0,1
0,1
0,0
0,0
0,0
0,0
0,1
1,1
0,1
0,0
0,1
0,0
0,1
0,0
0,1
0,0
0,0
0,0
0,1
0,1
0,0
0,1
0,0
0,0
0,1
0,1
0,1
0,1
0,0
0,1
0,1
0,0
0,1
0,0
0,1
0,0
0,0
0,1
0,1
0,0
0,0
0,1
0,0
1,1
1,1
0,1
0,0
0,0
0,0
1,1
0,1
0,1
0,1
0,0
0,0
0,0
0,0
0,1
1,1
0,0
1,1
1,0
0,0
0,0
0,0
0,0
1,0
0,1
0,0
1,0
0,1
0,0
0,0
0,1
0,0
0,1
0,1
0,1
0,1
0,0
0,0
0,0
0,1
1,1
0,1
0,1
0,1
0,0
1,0
0,0
1,0
0,0
0,1
0,1
0,0
0,0
0,1
0,0
1,1
0,0
0,1
0,1
0,0
0,0
0,0
0,0
0,0
0,1
0,0
0,0
0,0
0,0
0,0
0,0
0,0
0,0
0,1
0,1
1,1
0,1
0,1
0,1
1,0
0,0
0,1
0,0
0,0
0,1
0,0
0,0
0,0
0,0
0,1
1,1
0,0
0,0
0,1
0,1
0,0
0,1
0,0
0,1
1,0
0,1
0,1
0,1
0,1
0,1
0,0
0,0
0,1
0,1
0,0
0,0
0,0
0,1
0,0
0,0
0,1
0,1
0,1
0,1
0,1
0,1
0,1
0,1
0,0
0,0
0,0
0,1
0,0
0,0
0,1
0,0
0,1
0,0
0,1
0,1
0,0
1,0
0,0
0,1
0,1
0,0
0,0
0,1
0,1
0,1
0,1
0,1
0,0
1,1
0,0
0,0
0,1
0,1
0,1
0,0
0,1
0,0
1,0
1,0
1,0
0,0
0,1
0,1
0,0
0,1
0,0
0,1
0,0
0,1
0,1
0,1
0,1
1,0
0,1
1,0
0,0
0,0
0,0
0,1
0,0
0,1
0,0
0,1
0,1
0,0
0,1
0,0
0,1
0,0
0,1
0,1
0,1
0,0
0,0
0,0
0,0
0,0
0,0
0,0
0,0
0,0
0,0
0,0
0,1
1,1
0,0
1,1
0,0
0,1
0,0
0,0
0,0
0,0
0,0
0,1
0,1
0,0
0,0
0,1
0,1
0,0
0,1
0,0
0,0
0,0
0,1
0,0
0,0
0,0
0,0
0,0
0,1
0,1
0,0
0,1
1,0
0,1
0,1
0,1
0,0
0,0
0,1
0,1
0,1
0,1
0,1
0,0
0,1
0,1
0,0
0,0
0,1
0,0
0,1
0,0
0,1
0,0
0,1
0,1
0,0
0,0
0,1
0,1
0,0
0,1
0,1
1,0
0,1
0,1
0,1
0,0
0,1
0,0
0,0
0,0
0,0
0,1
0,0
0,0
0,1
0,1
0,0
0,0
1,1
0,1
0,0
0,1
0,1
0,0
0,0
0,0
0,1
0,0
0,0
0,0
0,1
0,1
0,0
0,0
0,1
0,0
0,0
0,1
0,1
0,0
0,0
0,0
0,0
0,1
0,0
0,1
0,0
0,1
0,0
0,1
0,0
1,0
0,1
0,0
0,0
0,0
0,1
0,0
0,1
0,1
0,1
0,0
0,1
0,1
0,1
0,0
0,0
0,1
0,1
1,0
0,1
0,1
0,0
0,1
0,1
0,1
0,1
0,1
0,1
0,0
0,1
1,1
0,1
0,1
0,0
0,0
0,1
1,1
0,1
0,1
0,1
0,0
0,1
0,0
0,1
0,1
0,1
0,0
0,1
1,0
0,1
0,1
0,1
0,0
0,1
0,1
1,1
0,1
0,0
0,0
0,0
0,1
0,1
0,1
0,0
1,0
0,1
1,0
0,0
0,1
0,0
0,0
0,0
0,1
0,0
0,1
0,0
0,0
0,1
0,1
0,1
1,1
0,1
0,1
0,1
0,0
1,1
0,1
0,1
0,1
0,0
0,0
0,1
0,1
0,0
0,0
0,0
0,0
0,1
1,0
0,0
0,1
0,0
1,0
0,0
1,0
0,0
0,1
0,1
0,0
0,1
0,1
0,1
0,1
0,0
0,1
0,0
0,0
0,1
0,1
0,1
0,0
0,1
0,0
0,0
0,1
0,0
1,0
1,1
1,1
1,1
0,1
0,0
0,1
0,0
0,0
0,1
0,1
0,0
0,0
0,0
0,0
0,1
0,1
0,1
0,1
0,0
0,0
0,0
0,0
0,0
0,0
0,0
0,1
0,0
0,0
0,1
0,0
0,0
0,0
0,1
0,0
0,0
1,1
0,1
0,1
0,0
0,1
0,0
1,0
0,0
0,1
0,0
0,0
0,0
0,0
0,1
0,0
0,0
0,0
1,0
0,1
0,0
0,1
0,0
0,0
0,1
0,1
0,0
0,1
0,1
0,0
0,1
0,0
0,1
0,1
0,0
0,0
0,1
0,1
1,1
0,1
0,1
1,0
0,0
0,1
0,0
1,1
0,0
0,1
1,1
0,1
0,0
0,0
0,1
0,1
1,0
0,1
0,1
0,0
0,0
0,1
0,0
0,1
0,0
0,1
0,1
0,0
0,0
0,0
0,1
0,1
0,1
0,1
0,1
0,0
0,1
1,1
0,1
0,1
0,0
0,1
0,1
0,1
0,1
1,1
0,1
0,1
0,0
0,0
0,1
0,0
0,0
0,0
1,1
0,0
0,1
1,1
0,0
0,0
1,0
0,0
0,0
0,1
0,1
0,0
0,1
0,0
0,1
0,0
0,0
0,0
0,1
0,0
0,0
0,1
0,0
0,0
0,0
0,1
1,1
0,1
1,1
0,1
0,0
0,0
0,0
0,1
0,1
0,0
0,1
0,0
0,0
0,1
1,0
0,0
0,1
0,1
0,0
0,1
0,0
0,1
0,1
0,1
0,0
1,1
0,0
0,0
0,1
0,0
1,0
0,0
0,1
0,1
1,1
0,1
0,0
0,0
0,0
0,0
0,1
0,1
0,0
0,1
0,1
0,0
0,0
0,0
1,0
0,1
0,0
0,1
0,0
0,1
0,0
0,1
0,0
0,1
0,1
0,0
0,1
0,0
0,1
0,1
0,0
0,1
0,1
0,0
0,0
0,0
0,0
0,0
0,1
0,1
0,0
0,0
0,0
0,1
0,1
0,0
0,1
0,1
0,0
0,0
0,1
0,0
1,0
0,1
0,1
0,1
0,0
0,0
0,1
0,1
0,0
0,1
0,0
0,1
0,1
0,0
0,0
0,1
0,0
0,0
0,0
0,1
1,0
0,1
0,1
0,0
0,1
0,1
1,0
0,1
0,1
0,1
0,0
0,0
0,1
0,1
0,0
0,1
0,1
0,0
0,1
0,0
0,0
0,0
0,1
0,0
0,1
0,0
0,1
0,0
0,0
0,1
0,0
1,0
0,0
1,0
0,1
0,0
0,0
0,1
0,0
0,1
0,0
0,0
0,0
0,0
0,0
0,1
0,1
0,0
0,1
0,0
0,1
0,0
0,0
0,0
0,0
0,1
0,0
0,0
0,0
0,0
1,0
0,1
0,0
0,1
0,1
0,1
0,0
0,0
0,0
0,1
0,1
0,1
0,1
0,0
0,0
0,1
0,1
1,1
0,0
0,1
1,1
0,0
0,1
0,0
0,0
0,1
0,1
1,0
0,0
0,1
0,0
0,0
0,0
0,1
0,0
0,0
0,0
0,0
0,0
0,0
0,0
0,0
0,1
0,0
0,1
0,0
0,0
0,0
0,0
0,0
0,0
0,0
0,0
0,1
0,1
0,0
0,0
0,1
0,1
0,1
0,1
0,0
0,1
0,1
0,1
0,0
0,1
0,1
0,1
0,0
0,0
0,1
0,0
0,0
0,1
0,0
0,0
0,1
0,1
0,1
0,0
0,0
0,0
0,0
0,0
0,0
0,1
0,0
0,0
0,0
0,0
0,0
0,0
0,0
0,1
0,1
1,0
0,0
0,1
0,0
1,1
0,1
0,0
0,1
0,0
0,1
0,0
1,1
0,0
0,0
0,1
0,1
0,1
0,0
0,1
0,0
0,1
0,0
0,0
0,0
0,1
0,1
0,1
0,1
0,1
0,0
0,1
0,0
0,0
1,0
0,0
0,0
0,0
0,1
0,0
0,1
0,0
0,1
1,0
0,0
0,0
0,1
0,0
0,1
0,0
0,0
0,0
0,0
0,1
0,1
0,1
0,0
0,1
0,0
0,1
0,0
0,1
0,0
0,0
0,0
0,1
0,0
0,0
1,1
0,1
0,1
0,1
0,1
0,0
0,1
0,0
0,1
0,1
0,1
0,1
0,1
0,1
0,0
1,1
0,1
0,0
0,1
0,0
0,0
0,1
0,0
0,1
0,1
0,0
0,0
0,1
0,1
0,0
0,1
0,1
0,0
0,0
1,0
0,0
0,1
0,0
0,1
0,1
0,1
0,1
0,1
0,0
0,1
0,0
0,0
1,1
0,0
0,1
0,1
0,0
0,1
0,1
0,0
0,1
0,1
0,1
0,1
0,1
0,0
0,1
1,0
0,1
0,0
0,1
0,1
0,0
0,0
0,0
0,0
0,0
0,0
0,0
0,1
0,1
0,0
0,1
0,1
0,0
0,0
0,0
0,1
0,0
0,1
0,0
0,1
0,0
0,0
0,1
1,0
0,0
0,1
1,0
0,0
0,1
1,1
0,1
0,1
0,1
0,0
0,0
0,1
0,1
0,0
1,0
0,1
0,0
0,0
0,1
0,0
1,0
0,1
0,1
0,0
0,1
0,0
0,1
0,0
0,0
0,0
0,1
0,1
0,0
0,0
0,1
0,1
0,1
0,0
0,0
0,1
0,0
0,0
0,1
0,0
0,1
0,1
0,1
0,1
0,1
0,0
0,1
0,0
0,1
0,1
0,0
0,1
0,1
0,0
0,0
0,1
0,0
1,1
0,0
0,0
0,1
1,0
0,0
0,1
0,0
0,1
0,1
0,0
0,0
1,1
0,1
0,0
0,1
0,0
1,0
0,0
0,1
0,0
0,0
0,0
0,0
0,1
0,1
0,0
0,1
0,1
0,1
1,0
0,1
0,0
0,1
0,0
0,0
0,1
1,1
0,1
0,1
0,0
0,1
0,0
0,0
0,1
0,1
1,0
0,0
0,0
0,0
0,0
0,1
0,0
0,1
0,1
1,0
0,1
0,0
0,0
1,0
0,1
0,0
1,1
0,0
0,1
0,1
0,0
0,0
0,0
0,0
0,1
0,1
0,0
0,0
0,1
0,0
0,1
0,1
0,1
1,1
0,1
0,0
0,0
0,1
0,0
0,1
0,0
0,1
0,0
0,1
0,1
0,1
0,0
0,1
0,0
0,1
0,1
0,1
0,1
0,0
0,1
0,1
0,0
1,0
0,0
0,1
0,0
0,0
0,0
0,1
0,0
0,1
0,1
0,1
0,0
0,1
0,1
0,0
0,0
0,0
0,1
0,0
0,1
0,1
0,0
1,1
0,1
0,1
0,0
0,1
0,1
0,0
0,0
0,1
0,1
0,0
0,0
0,0
0,0
0,0
0,1
0,0
0,1
0,0
0,0
0,1
0,1
0,0
0,1
0,1
0,0
1,0
0,0
0,0
0,0
0,0
0,0
0,0
1,0
0,1
0,1
0,0
0,1
0,1
0,0
0,0
1,0
1,1
0,1
0,1
0,1
0,0
0,0
0,1
0,1
0,1
0,0
0,1
0,0
0,1
0,0
0,0
0,1
0,1
0,1
0,1
0,0
0,1
0,0
0,1
0,0
1,0
0,0
0,0
1,1
0,1
0,1
0,1
0,1
0,1
1,1
0,1
0,1
0,1
0,0
0,1
0,1
1,1
0,1
0,1
0,1
0,0
0,1
0,1
0,1
0,1
0,1
0,1
0,1
0,1
0,1
0,1
0,1
0,0
0,1
0,0
0,0
0,0
0,1
0,0
0,0
0,1
0,1
0,0
0,1
1,0
0,1
1,1
0,0
0,1
1,1
0,0
0,1
0,1
0,0
0,0
0,0
0,1
0,1
0,0
0,1
0,1
0,0
0,0
0,0
0,1
0,0
0,0
0,0
0,0
0,0
0,0
0,1
0,1
0,1
0,1
1,0
0,0
1,0
0,1
0,1
0,1
0,1
0,0
0,0
0,1
0,0
0,1
0,1
0,1
0,0
0,0
0,0
0,1
0,1
0,1
0,1
0,1
0,1
0,1
0,0
0,1
0,0
1,1
1,0
0,1
0,1
0,1
0,0
0,1
0,1
0,0
0,0
0,1
0,0
0,0
0,1
0,1
0,1
0,0
1,1
0,0
0,1
0,0
0,1
0,1
0,1
0,0
0,1
0,1
0,0
0,0
0,0
0,0
0,1
0,1
0,0
0,1
0,1
0,0
0,0
0,0
0,0
1,0
0,0
0,0
0,1
0,1
0,1
0,1
0,1
1,1
0,1
0,0
1,1
1,0
0,1
0,1
0,1
1,0
0,0
1,0
0,1
1,0
0,0
0,1
0,0
0,0
0,1
0,0
0,0
1,1
0,0
0,1
0,0
0,1
0,0
0,1
1,1
0,1
0,0
0,0
0,1
0,1
0,0
0,1
0,1
0,1
0,0
1,0
0,1
0,1
0,1
0,1
0,0
0,1
0,1
0,0
0,1
0,0
0,0
0,0
0,1
0,0
0,1
0,1
0,0
0,0
0,1
0,1
0,0
0,1
1,0
0,0
0,0
0,0
0,1
0,1
0,1
0,0
0,0
0,1
1,0
0,0
1,1
0,1
0,0
0,0
0,0
0,1
0,0
0,1
0,1
0,0
0,1
0,1
0,1
0,0
0,0
0,1
0,0
0,1
0,0
0,0
0,1
0,0
0,0
0,0
0,0
0,1
0,0
0,0
0,0
0,0
0,1
0,0
0,0
0,0
0,0
0,0
0,1
0,1
0,0
0,0
0,0
0,1
0,0
0,1
0,1
0,1
0,1
0,1
1,0
0,1
0,0
0,0
1,0
0,1
0,0
0,0
0,1
0,1
0,0
0,1
0,0
0,1
0,0
0,0
0,1
0,0
0,0
0,0
0,0
1,1
0,0
0,1
0,0
0,0
1,0
0,1
0,0
1,1
0,0
0,1
0,1
0,1
1,1
0,0
0,0
0,1
0,0
1,1
0,1
0,0
0,0
1,0
0,0
0,0
0,0
0,1
0,0
0,0
0,1
0,0
0,0
0,1
0,0
0,0
0,1
0,0
0,1
0,0
0,1
0,0
0,0
0,0
0,0
0,1
0,1
0,0
0,1
0,0
0,1
0,0
1,1
0,1
0,0
0,0
0,0
0,1
0,1
0,0
0,0
0,1
0,1
0,0
0,0
0,1
0,0
0,0
0,0
0,1
0,0
0,0
1,1
0,1
0,0
0,0
0,0
0,1
0,1
0,1
0,0
0,0
0,1
0,1
0,1
0,1
0,1
0,1
0,0
0,0
1,0
0,1
1,0
0,1
0,1
0,0
0,1
0,0
0,0
0,1
0,1
1,1
1,1
0,1
0,1
0,0
0,0
0,1
1,0
1,1
0,0
0,1
0,1
0,0
0,0
0,1
0,1
1,1
0,0
0,1
0,0
0,1
0,0
0,0
0,0
0,1
0,1
0,1
0,0
0,1
0,0
0,1
1,1
0,0
0,1
0,0
0,1
0,0
0,0
0,0
0,1
0,1
0,0
0,1
0,0
0,1
0,1
0,0
1,1
0,0
0,0
0,1
0,0
0,1
0,1
0,0
0,1
1,1
0,0
0,0
0,0
0,0
0,1
0,1
0,0
0,0
0,0
0,0
0,0
0,0
0,1
1,0
0,1
0,0
0,1
1,1
0,0
0,0
0,1
0,0
0,1
0,0
0,0
0,0
0,0
0,1
0,0
0,0
0,1
0,1
0,1
0,1
0,1
0,1
0,1
0,1
0,1
0,0
0,0
0,0
0,1
0,0
0,1
0,1
0,1
1,0
0,0
0,0
0,0
0,0
1,1
0,1
0,1
0,0
0,0
0,0
0,1
0,1
0,0
0,0
0,0
0,1
0,0
1,0
0,1
0,1
0,0
0,0
1,1
0,0
0,0
0,1
1,1
0,1
0,0
1,1
0,0
0,1
0,1
0,0
0,0
0,0
0,0
0,1
0,0
0,1
0,0
0,1
0,0
1,1
1,1
1,1
0,1
0,0
0,0
0,0
0,1
1,1
0,1
0,0
1,0
0,0
0,1
0,0
0,0
0,1
0,0
1,0
0,0
0,0
0,1
0,0
0,0
0,1
0,1
0,1
0,1
0,0
0,1
0,0
0,1
0,0
0,1
0,0
0,0
0,0
0,0
0,1
0,0
0,0
0,0
0,0
0,0
0,1
0,0
0,1
0,0
0,1
0,1
0,0
1,0
1,1
0,1
0,1
0,0
0,1
0,1
0,1
0,1
0,1
0,0
0,1
0,0
0,0
0,0
0,1
0,1
0,1
0,1
0,1
0,0
0,1
0,0
0,0
0,0
0,0
0,1
0,1
1,0
0,1
1,0
0,1
0,0
0,1
0,0
0,0
0,1
0,1
0,1
0,1
0,1
0,1
0,1
0,0
0,0
0,1
0,0
0,1
0,0
0,0
0,0
0,1
1,0
1,1
0,1
0,0
1,1
0,1
0,1
0,0
0,1
0,1
0,0
1,0
0,0
0,1
0,1
0,1
0,1
0,1
0,1
0,1
0,1
0,1
0,0
0,0
0,0
0,0
0,1
0,1
0,0
0,1
0,1
0,0
1,0
0,0
0,0
0,0
0,0
0,0
0,1
0,1
1,1
0,0
0,1
0,1
0,1
0,0
0,1
0,1
0,1
0,0
0,1
0,1
1,1
0,0
0,0
0,1
0,1
0,1
0,1
0,0
0,0
0,1
0,0
0,0
0,1
0,1
0,1
1,0
0,1
0,1
0,1
1,0
0,0
0,1
0,1
0,0
0,0
0,0
0,1
1,0
0,0
0,0
0,0
0,0
0,1
1,1
1,1
0,0
0,1
0,1
0,1
0,0
0,0
1,0
0,1
0,0
0,1
1,0
0,0
0,1
0,0
0,0
0,1
0,0
0,0
0,0
0,1
0,0
0,0
0,1
0,0
0,1
1,0
1,0
1,0
0,0
0,1
0,0
0,0
0,0
0,1
0,0
0,0
0,0
0,1
1,0
0,1
0,1
1,0
0,1
0,1
0,0
0,1
0,1
0,1
0,1
0,1
0,0
0,1
0,0
0,0
0,0
0,1
0,1
0,0
0,0
1,0
1,1
0,0
0,1
0,1
0,1
0,0
0,1
0,1
0,1
0,1
0,1
0,1
0,1
0,1
0,1
0,1
0,0
0,0
0,1
0,1
0,1
1,0
0,0
0,0
1,0
0,0
0,0
0,1
0,1
0,0
1,1
0,1
0,0
0,0
0,0
0,0
0,1
0,0
0,0
0,1
0,1
0,1
0,1
0,1
0,0
0,0
0,0
0,1
0,0
1,0
0,0
1,0
0,1
1,0
0,0
0,0
0,0
0,0
0,1
0,1
0,0
0,0
0,0
0,1
0,1
0,1
0,1
0,1
0,1
0,1
0,0
0,1
0,1
0,1
0,0
0,0
0,1
0,1
0,0
0,1
0,1
1,1
0,1
0,0
0,1
0,1
0,0
0,0
0,0
0,1
1,1
0,0
0,0
1,0
1,0
0,1
0,0
0,0
0,0
0,0
0,0
0,1
0,0
0,1
0,1
0,1
0,0
0,0
0,1
0,1
1,0
0,0
0,1
0,1
0,1
0,1
1,1
0,0
0,1
0,0
0,1
0,1
1,0
0,0
0,1
0,1
1,0
0,0
0,0
1,0
0,1
0,1
0,0
0,1
0,0
0,1
0,0
0,1
1,1
0,0
0,1
0,1
0,0
0,0
0,0
0,1
0,0
1,0
0,1
0,1
0,1
0,1
0,1
0,1
0,1
0,1
0,0
1,1
1,0
0,0
1,0
0,1
0,0
0,0
0,0
1,1
0,0
1,0
0,0
0,1
0,1
1,0
1,1
0,1
0,1
0,1
0,0
0,0
0,0
0,1
0,1
0,1
0,1
0,0
0,1
1,1
0,1
0,0
0,0
0,0
0,1
0,0
0,0
0,1
0,1
0,0
0,1
0,1
0,1
0,0
0,0
0,0
0,0
0,0
0,0
0,1
0,1
0,1
1,0
0,0
1,0
0,1
0,0
0,1
0,0
0,1
0,1
0,0
0,1
0,1
0,1
0,0
0,1
0,0
1,0
0,1
0,1
1,1
0,1
0,0
0,0
0,0
1,1
0,0
0,0
0,1
1,0
0,1
0,1
1,0
0,1
0,1
0,0
0,0
0,0
0,1
0,0
0,0
0,0
0,0
0,1
0,1
0,1
0,1
0,0
0,0
0,1
0,0
0,1
0,0
0,0
0,1
0,0
0,0
0,1
0,0
0,1
0,0
0,0
0,1
0,1
0,1
0,0
0,0
0,1
0,0
0,1
0,0
0,0
0,0
0,1
0,0
0,0
0,0
0,0
0,1
0,0
0,0
0,1
0,1
0,1
0,1
0,0
0,0
0,1
0,0
1,0
0,0
0,1
1,1
0,0
0,0
0,0
0,0
0,0
0,1
0,1
0,1
0,0
0,0
0,0
0,1
0,0
0,0
0,1
0,0
0,0
1,0
0,1
0,0
1,1
0,0
0,0
0,1
0,0
0,1
0,1
0,1
0,1
0,0
0,0
0,0
0,1
0,0
1,1
0,0
0,0
0,0
0,1
0,0
0,1
0,0
0,0
0,0
0,1
0,1
0,0
0,1
0,0
0,1
0,0
1,0
0,0
1,0
0,1
0,1
0,0
0,0
0,0
0,1
0,0
0,1
0,1
0,1
0,1
0,0
1,0
0,1
1,1
1,0
0,0
1,1
0,1
0,0
0,1
0,0
0,0
0,0
0,0
0,1
0,0
0,1
0,1
0,0
0,1
0,1
0,1
0,1
0,1
0,0
0,1
0,1
1,0
0,1
0,0
0,0
0,0
0,1
0,1
0,1
0,0
0,1
0,0
1,1
1,0
0,1
0,0
0,0
0,1
0,1
0,0
1,0
1,0
0,1
0,0
0,0
0,1
0,1
0,1
0,1
0,1
1,0
1,1
0,1
0,0
0,0
1,1
0,0
0,0
1,0
0,1
0,1
0,1
0,1
0,1
1,1
0,0
0,0
0,1
0,0
0,0
0,1
0,0
0,0
0,1
0,0
0,0
0,1
0,1
0,1
0,1
0,0
0,1
0,0
1,0
0,0
0,1
0,0
0,1
0,0
0,1
1,1
0,0
0,1
0,0
0,1
0,0
0,1
0,0
0,1
0,1
0,0
1,1
0,1
1,1
0,1
0,1
0,1
0,1
0,0
0,0
0,1
0,0
1,0
0,0
0,1
0,1
0,0
0,0
0,0
1,0
0,1
0,1
0,1
1,1
0,1
0,0
0,1
0,1
0,1
0,0
0,0
0,1
1,0
0,1
0,0
1,1
0,1
0,1
0,0
0,1
1,0
0,0
0,0
0,1
0,1
0,0
0,1
0,0
0,1
0,0
0,0
0,1
0,1
0,1
0,1
0,0
0,0
0,1
0,1
0,0
0,1
0,0
0,1
0,1
0,1
0,1
0,0
1,1
0,0
0,1
0,0
0,0
0,0
1,1
0,1
0,0
0,1
0,0
1,0
0,0
0,0
0,0
0,1
0,1
0,0
0,0
0,1
0,0
0,1
0,1
0,1
0,1
0,0
0,1
0,1
0,1
1,1
0,1
0,0
0,1
0,0
0,1
0,0
0,0
0,0
0,1
0,0
0,1
1,0
1,1
0,1
0,1
0,0
0,0
0,0
0,1
0,0
0,1
0,1
0,1
0,1
0,1
0,0
0,0
0,1
0,1
0,1
0,0
0,1
0,1
0,0
0,1
0,1
0,0
0,1
0,0
0,0
0,1
0,0
0,1
0,0
0,1
0,0
0,0
0,1
0,0
0,1
0,0
1,1
0,0
0,0
0,1
0,0
0,1
0,0
0,0
0,1
0,1
0,1
0,1
0,1
0,0
0,0
0,0
0,1
0,1
0,0
0,0
0,1
0,0
1,1
0,1
0,0
0,0
0,0
0,1
0,0
0,1
0,1
0,1
0,0
0,0
0,1
0,1
0,0
0,0
0,0
0,1
0,0
0,1
0,1
0,1
0,0
0,0
0,1
0,1
0,0
0,1
0,0
0,1
1,1
0,1
0,1
0,1
1,0
0,1
0,0
0,1
0,0
0,1
0,0
0,1
0,1
0,1
0,1
0,1
1,0
0,1
0,0
0,0
0,0
0,1
0,0
1,1
0,1
0,0
1,0
0,0
0,1
0,1
0,0
0,1
1,0
0,0
0,0
0,0
0,1
0,1
0,0
0,0
0,0
0,0
0,0
0,0
0,1
0,0
1,0
0,0
0,1
0,1
0,1
0,0
0,1
0,0
0,0
1,0
0,0
0,0
0,1
0,1
0,1
0,0
0,1
0,0
0,1
0,1
0,1
0,0
0,0
0,1
0,0
0,1
0,1
0,1
0,1
0,0
0,1
0,0
0,1
0,1
0,0
0,0
0,1
0,1
1,1
1,0
0,1
1,1
0,1
0,0
0,0
0,0
0,0
0,1
0,0
0,0
0,0
0,1
0,0
0,0
0,0
0,1
0,0
0,0
0,0
0,1
0,1
0,0
0,1
1,1
0,1
0,1
0,1
0,0
0,1
0,0
0,0
0,1
0,0
0,1
0,0
0,0
0,1
0,1
0,1
0,1
0,0
0,1
0,0
1,1
0,1
0,0
0,1
0,0
0,0
0,0
0,1
0,1
0,0
0,1
0,0
0,0
0,1
0,1
0,0
0,1
1,0
0,1
0,0
0,1
0,0
0,0
0,1
0,0
0,0
0,1
0,1
1,0
0,1
0,1
0,0
0,0
0,0
0,0
0,0
0,1
0,0
1,0
0,1
0,0
0,1
1,0
0,1
0,0
0,0
0,0
0,0
0,1
0,1
0,0
0,1
0,1
0,1
0,1
0,0
0,1
0,1
0,1
0,0
0,1
0,0
0,0
0,0
0,1
0,0
0,1
0,0
0,0
0,1
0,0
0,0
0,0
0,0
0,1
0,0
0,1
1,1
0,1
0,0
0,0
0,0
0,0
0,0
0,1
0,1
0,1
0,1
0,1
0,1
0,1
0,0
0,0
0,0
1,1
1,0
1,1
0,1
0,0
0,1
0,0
0,1
0,0
0,1
0,1
0,1
0,1
0,0
0,0
0,1
0,0
0,0
0,1
0,1
1,1
0,0
1,0
0,1
1,0
1,0
0,1
0,1
0,0
0,0
0,1
0,0
0,1
0,0
0,1
0,0
0,0
0,0
0,1
0,0
0,0
0,0
0,0
0,0
0,1
0,0
0,0
0,1
0,1
0,1
0,0
0,0
0,1
0,0
0,0
0,0
0,0
0,0
0,0
0,1
0,0
0,1
0,1
1,1
0,0
0,1
0,0
0,0
0,0
0,0
0,1
0,1
1,0
0,0
0,1
1,1
0,0
1,1
0,1
0,0
0,0
0,0
0,0
0,0
0,0
0,0
0,0
0,1
0,0
1,1
1,1
0,0
0,0
0,0
0,1
0,1
0,0
0,1
0,0
0,1
0,0
0,0
0,1
0,1
0,1
1,0
1,1
0,0
1,0
0,0
0,0
0,1
0,0
0,0
0,1
0,0
0,0
0,0
0,0
0,1
0,0
0,1
0,0
0,0
0,1
0,0
0,1
0,0
0,0
1,0
0,0
0,0
0,1
0,0
0,1
0,1
0,0
0,1
0,0
0,1
0,1
0,1
0,0
0,1
0,0
0,1
1,0
0,1
0,1
0,1
0,1
0,0
0,1
0,1
0,1
0,0
0,1
0,1
0,1
0,0
0,0
1,1
0,0
0,0
0,0
1,0
0,1
0,0
0,1
0,0
0,0
0,0
0,0
0,1
0,0
0,1
0,0
0,0
0,0
0,0
0,0
0,1
0,1
0,0
1,1
0,0
0,1
0,0
1,0
1,1
0,1
0,0
0,0
0,0
0,0
0,0
0,0
0,0
1,1
0,1
0,0
0,0
0,1
0,1
1,1
0,0
0,0
0,1
0,0
0,0
0,0
0,0
0,1
0,0
0,0
0,0
0,1
0,1
0,0
0,1
0,1
0,0
0,1
0,0
1,0
1,1
0,1
1,1
0,0
0,1
0,0
0,1
0,1
0,1
1,1
0,0
0,0
0,1
0,0
0,0
0,0
0,1
0,1
0,1
0,0
0,0
0,1
0,1
0,0
0,1
0,0
0,0
0,0
0,0
0,0
0,0
0,0
0,0
0,0
0,0
0,1
0,1
1,1
0,0
0,1
0,0
1,1
0,0
0,1
1,1
1,1
0,0
0,0
0,1
0,1
0,0
0,1
1,0
0,0
0,1
0,0
1,0
0,1
0,1
0,1
0,1
0,0
1,0
1,1
0,1
0,1
0,0
0,1
0,0
0,1
0,0
0,0
0,1
0,1
0,0
0,1
0,1
0,0
0,1
0,1
0,0
0,0
0,1
0,0
1,0
0,1
0,1
1,1
0,0
0,0
0,0
0,0
0,1
0,0
0,1
0,1
0,0
0,1
0,1
0,0
0,1
0,0
0,0
0,0
0,1
0,0
0,1
0,0
0,0
0,0
0,0
0,0
0,1
0,1
1,1
0,1
0,0
0,0
0,0
0,0
0,1
0,1
0,0
0,0
0,1
0,0
0,1
0,1
0,0
0,0
0,0
1,0
0,1
0,1
0,1
0,0
0,1
0,0
0,1
0,1
0,1
0,1
0,1
0,1
0,0
0,0
0,1
0,0
0,1
0,1
0,0
0,1
0,0
0,0
0,0
0,0
0,0
0,0
0,0
0,0
1,0
0,1
0,0
1,1
0,0
0,0
0,0
1,1
0,1
0,0
0,0
0,1
0,0
0,1
1,1
0,1
0,0
0,0
0,0
0,0
0,1
0,0
0,0
0,1
0,0
0,1
0,0
0,0
0,0
0,1
0,1
0,0
0,1
1,0
0,0
0,0
0,0
0,0
0,1
0,0
0,1
0,1
0,0
0,1
0,1
0,0
0,1
0,1
0,1
0,0
0,0
0,0
1,0
0,1
0,1
0,1
0,0
0,0
0,0
0,1
1,0
0,1
0,1
0,1
0,1
0,0
0,1
0,0
0,1
0,1
0,1
0,1
0,0
0,0
0,1
0,1
0,1
0,1
0,0
0,1
0,0
0,1
0,1
0,1
0,0
0,1
0,0
0,0
0,0
0,1
0,1
0,0
0,1
1,0
0,1
0,0
1,0
0,0
1,1
0,0
0,1
0,0
0,1
0,0
1,0
0,1
1,0
0,0
0,1
0,0
0,0
0,1
0,0
0,0
0,1
0,0
0,0
0,1
1,1
0,1
0,1
0,1
1,0
0,0
0,0
0,1
0,0
0,0
0,1
0,0
1,1
0,0
0,0
0,1
0,1
0,0
0,0
1,0
0,1
0,1
0,0
0,1
0,1
0,1
0,0
0,1
0,0
0,1
0,0
1,1
0,0
0,1
0,1
0,0
0,1
0,0
0,1
1,0
0,0
0,1
0,0
0,0
1,1
0,0
0,0
0,1
0,0
0,0
0,0
0,1
0,0
0,0
0,0
0,1
0,1
0,1
0,1
0,1
0,0
0,0
0,0
0,1
0,1
0,1
0,1
0,1
0,1
0,1
0,1
0,1
0,1
0,0
0,0
0,1
0,0
0,0
0,0
0,1
0,0
0,0
0,1
0,0
0,0
0,1
0,0
0,1
0,0
0,0
0,0
1,0
1,0
0,1
0,0
0,0
0,1
0,0
0,0
0,0
0,1
0,0
0,1
0,0
1,0
0,1
0,0
0,1
0,1
0,0
0,1
0,0
0,0
0,0
0,1
0,0
0,0
1,1
0,1
1,1
0,0
0,0
1,0
0,1
0,1
0,1
1,0
0,0
0,0
1,1
1,0
0,1
0,1
0,1
0,0
1,0
0,0
0,1
0,0
0,0
0,1
0,0
1,0
0,1
0,0
0,1
0,1
0,0
1,1
0,0
0,1
0,0
0,0
0,0
0,0
0,0
0,1
0,1
0,1
0,0
0,1
0,0
0,0
0,0
0,0
0,0
0,0
0,0
0,0
0,1
0,0
0,1
0,0
0,0
0,1
0,0
0,0
0,1
0,1
0,1
0,0
0,1
0,1
0,0
0,0
1,0
0,1
0,0
0,1
0,1
1,1
0,1
0,0
0,0
0,1
0,1
0,1
0,0
0,1
0,1
0,1
0,1
0,0
0,0
0,0
0,0
0,0
0,1
0,0
0,0
0,1
1,0
0,0
0,1
0,0
0,1
0,1
0,1
0,1
0,0
0,0
0,1
0,1
0,0
0,1
1,1
0,0
0,0
0,1
0,1
0,0
0,0
1,0
0,0
0,1
0,1
0,0
0,0
0,0
0,0
0,1
0,0
0,0
0,0
0,1
0,1
0,0
0,0
0,1
1,0
0,1
0,0
0,0
0,1
0,1
0,1
0,1
0,1
0,0
0,1
0,0
0,0
0,1
1,0
0,0
0,0
1,0
0,1
0,0
0,0
0,1
0,0
0,1
0,1
0,1
0,1
0,0
0,0
0,0
0,0
0,0
0,0
0,0
0,0
0,0
0,1
0,1
0,0
0,0
0,1
0,0
0,1
0,1
0,1
0,0
0,0
0,0
0,1
0,0
0,0
0,0
0,0
0,1
1,1
0,1
0,0
0,1
0,1
1,0
0,0
0,1
0,0
0,1
0,1
0,0
0,0
1,1
0,0
1,0
0,1
0,1
0,1
0,1
0,0
0,0
1,0
1,1
0,0
1,0
1,1
0,1
0,1
0,1
0,1
0,0
0,0
0,1
1,1
0,0
1,1
0,0
0,0
0,0
0,1
0,1
0,0
0,0
0,0
0,0
0,0
0,1
0,1
0,1
0,1
0,1
0,1
0,1
0,1
0,1
0,1
0,1
0,1
0,0
0,0
0,0
0,1
0,0
0,1
0,1
0,0
1,0
0,1
0,0
1,1
0,0
0,1
0,1
0,1
1,0
0,1
0,1
0,1
0,0
1,1
0,1
0,1
0,0
0,0
0,0
0,0
0,0
0,1
0,0
0,1
0,0
0,0
0,0
0,0
0,0
0,1
0,0
0,1
0,1
0,1
0,0
1,1
0,0
0,0
0,0
0,0
0,0
0,1
0,1
0,0
0,1
0,1
0,1
0,1
0,1
0,1
0,0
0,0
0,1
0,0
0,0
0,1
0,0
0,1
0,0
0,1
0,0
0,1
0,0
0,1
0,1
0,0
0,1
0,0
0,1
0,1
1,0
0,0
0,1
1,1
0,0
0,0
1,0
0,0
0,1
0,1
0,0
0,0
0,1
0,0
0,1
1,0
0,1
0,1
0,1
0,0
0,1
1,1
0,1
0,0
0,0
0,0
0,0
0,1
0,0
0,1
0,1
0,1
0,1
0,1
0,1
0,1
0,0
0,0
0,1
0,0
0,1
0,0
0,1
0,1
0,1
0,1
0,1
0,1
0,0
0,0
1,1
0,1
0,0
0,0
0,1
0,1
0,1
0,0
0,1
0,1
0,1
0,0
0,0
0,0
0,1
0,0
0,1
0,1
0,1
0,1
0,0
0,1
0,1
0,0
1,1
0,0
0,1
0,1
0,0
0,0
0,0
1,0
0,1
0,1
0,1
0,1
0,0
0,1
0,0
0,0
0,0
0,0
0,1
0,1
1,1
0,1
0,0
0,1
0,1
1,1
0,1
1,0
0,0
0,0
0,1
0,1
0,0
0,1
0,0
0,0
1,0
0,0
0,0
0,1
0,0
0,1
0,1
1,1
0,1
0,0
0,1
0,0
0,1
0,1
0,1
1,1
0,0
0,0
0,0
0,0
0,1
0,1
0,0
1,0
1,0
0,1
0,1
0,1
0,1
0,1
0,0
0,0
0,0
0,1
0,0
0,1
0,1
0,1
0,0
0,1
0,1
0,0
0,0
1,0
0,0
0,1
1,1
0,1
1,0
0,1
0,0
0,1
1,0
0,0
0,0
0,1
0,1
0,0
0,1
0,0
0,1
0,0
0,0
0,0
1,0
1,1
0,1
0,0
0,1
0,0
0,0
1,0
0,0
0,0
0,1
0,1
0,1
1,1
0,0
0,1
0,1
0,0
1,1
0,1
0,0
0,0
0,1
0,1
0,0
0,0
0,0
0,1
0,0
0,1
0,1
0,1
1,1
0,1
0,0
0,1
0,0
0,1
0,1
0,1
0,1
0,1
1,1
0,1
0,0
0,0
0,1
0,1
0,1
0,1
0,0
0,0
0,0
0,1
0,0
0,0
0,0
0,0
0,1
0,1
0,1
0,1
0,1
0,0
0,0
0,1
0,0
0,1
0,1
0,0
0,1
1,1
0,1
0,0
0,0
0,1
0,1
0,0
0,1
0,1
0,1
0,1
0,1
0,1
0,0
1,1
0,0
0,1
1,1
0,0
0,0
0,0
0,0
0,1
0,1
0,1
1,1
0,0
0,1
0,1
0,1
0,1
0,0
0,0
0,0
0,1
0,1
1,0
0,1
0,1
0,0
0,1
0,0
0,0
0,1
0,0
0,1
0,0
0,1
0,0
0,0
0,0
1,0
0,0
0,1
0,1
1,0
0,1
0,1
0,1
0,1
1,1
0,1
0,1
0,1
0,0
0,1
0,1
0,1
0,0
0,0
0,0
0,1
1,1
0,1
0,1
0,0
0,0
0,1
0,1
0,0
1,0
0,0
0,0
0,0
0,0
0,1
0,1
0,0
0,0
0,1
0,1
0,0
0,0
0,0
0,1
0,0
0,0
0,0
0,0
0,0
0,1
0,1
0,1
0,0
0,0
0,0
0,1
0,1
0,1
0,0
0,1
0,0
0,1
0,0
0,1
0,0
0,0
0,0
0,1
0,0
0,1
0,1
0,1
0,0
0,1
0,0
0,0
0,1
0,0
1,0
0,1
0,1
0,1
0,1
0,1
0,1
0,0
1,1
0,0
0,1
0,0
0,0
0,0
0,1
0,0
0,1
0,1
0,0
0,0
0,1
0,1
0,0
0,1
0,1
0,0
0,1
0,1
0,1
0,0
0,0
1,0
1,1
0,0
0,1
0,1
0,0
1,0
0,1
0,1
0,0
0,1
0,0
0,0
0,1
0,1
0,1
0,1
0,1
0,0
0,0
0,1
0,1
0,0
0,0
0,0
0,0
0,1
0,1
0,0
0,0
0,1
0,1
0,1
0,0
0,1
0,1
1,1
0,0
0,1
0,1
0,1
0,1
0,0
0,0
0,0
0,1
1,1
0,1
0,1
0,0
0,0
0,0
0,1
0,1
0,0
0,1
0,1
0,1
0,1
0,0
0,0
0,1
0,0
0,1
0,0
0,0
0,1
0,0
0,0
0,1
0,0
0,1
0,1
0,0
0,1
0,1
0,1
0,1
0,0
0,0
0,1
1,1
1,1
0,0
0,1
0,0
0,1
1,1
0,1
0,0
0,0
0,1
0,0
0,0
0,0
0,1
0,0
0,0
0,1
0,0
0,0
0,1
0,0
0,1
0,1
0,0
0,0
0,1
0,0
1,0
1,1
0,0
0,0
0,1
0,1
0,0
1,0
1,0
0,0
0,0
1,1
0,0
0,0
0,0
0,0
0,0
1,0
0,1
0,0
0,0
0,1
0,1
0,0
0,0
1,1
1,0
0,0
0,1
0,1
0,1
0,0
0,1
1,1
0,1
1,0
0,1
0,0
0,1
0,1
0,1
0,0
0,0
0,0
0,0
0,1
0,1
0,0
0,0
0,0
0,1
0,1
0,1
0,1
0,1
0,1
0,1
0,0
0,0
0,1
1,0
0,1
0,0
0,0
0,0
0,1
0,1
0,0
0,1
1,0
0,0
0,0
0,1
0,0
0,1
0,0
0,1
0,1
0,1
0,1
0,0
0,0
0,0
0,1
0,1
1,0
0,0
0,0
1,1
0,1
0,0
0,0
0,0
0,1
1,0
1,0
0,1
0,0
0,0
1,1
0,1
0,1
0,0
0,1
0,0
0,0
0,0
0,1
0,0
0,1
0,1
0,0
0,1
0,1
0,0
1,1
0,1
0,0
0,0
0,1
0,1
0,1
0,1
0,0
0,0
0,0
0,1
1,0
0,0
0,0
0,1
0,1
0,0
0,0
0,1
0,0
0,0
0,1
0,1
0,0
0,1
0,1
1,1
0,1
0,1
0,1
0,1
0,0
1,0
0,1
0,1
0,0
0,1
0,0
0,1
0,1
0,1
0,0
0,1
0,0
0,1
0,1
0,1
0,0
0,0
0,0
0,1
0,1
0,1
0,0
0,1
0,1
0,1
0,0
0,1
0,1
0,1
0,1
1,0
0,0
0,1
0,1
0,0
0,0
0,1
0,1
0,1
0,1
0,1
0,1
0,0
0,0
0,1
0,0
0,0
1,1
0,1
0,0
0,1
0,0
0,1
0,0
0,0
0,1
0,1
0,0
0,0
0,1
0,1
0,0
0,1
0,0
1,0
0,1
0,1
0,0
0,0
0,0
1,0
0,0
0,0
0,1
0,1
0,1
0,1
0,1
0,0
0,1
0,0
0,0
0,0
0,1
0,0
0,1
0,1
0,0
0,1
0,1
0,1
0,1
0,1
0,0
0,0
0,1
0,0
0,0
0,1
0,0
1,1
0,1
0,0
0,1
0,1
0,0
0,0
0,1
0,0
0,0
0,0
0,1
0,1
0,0
0,0
0,1
0,1
1,0
0,0
0,0
0,1
0,0
0,0
0,0
0,0
0,1
0,0
0,1
0,0
0,0
0,1
0,1
0,1
1,0
1,0
0,0
0,0
0,0
0,0
0,0
0,1
0,0
0,1
0,0
0,0
0,1
0,0
0,1
0,0
0,1
0,1
0,0
0,1
0,0
0,0
0,0
0,1
0,1
0,1
0,1
0,0
1,1
0,1
0,1
0,0
0,1
0,1
0,0
0,0
0,1
0,0
0,1
0,0
0,0
0,1
0,1
0,0
0,0
0,0
0,0
0,1
0,0
0,1
0,1
0,0
0,0
0,0
0,1
0,1
0,1
0,1
0,0
0,1
0,1
0,1
0,0
0,0
0,1
0,1
0,1
0,1
0,0
1,1
0,1
0,0
0,0
0,1
0,0
0,1
0,0
0,1
0,0
0,0
0,0
0,0
0,1
0,1
0,0
0,0
0,0
0,0
0,1
1,1
0,0
0,1
0,0
0,0
0,0
0,0
0,0
0,0
0,0
0,0
1,1
0,0
0,1
0,1
0,1
0,0
0,0
0,0
0,1
0,1
0,1
0,1
1,0
0,0
0,1
0,0
1,0
0,0
0,0
0,1
0,1
0,0
0,0
1,1
0,0
0,1
0,0
0,0
0,1
0,1
0,0
0,1
0,0
0,1
0,0
0,0
0,1
0,0
0,0
0,1
1,1
0,1
0,0
0,0
0,0
0,1
1,0
0,0
0,0
0,1
0,0
0,1
0,1
0,1
1,0
0,0
0,1
0,1
0,0
0,0
0,0
0,1
1,1
1,0
0,1
0,1
0,1
0,1
0,0
0,0
0,1
0,0
1,0
0,0
0,0
0,1
0,1
0,1
0,1
0,0
0,0
0,0
0,1
0,0
0,1
0,1
0,0
0,0
1,0
0,0
1,1
0,1
0,1
0,0
0,0
0,1
0,1
0,0
1,1
0,1
0,0
0,1
0,1
0,1
0,1
0,1
0,1
0,0
1,0
0,0
0,0
1,1
0,0
0,1
0,0
0,0
0,0
0,1
0,1
0,1
1,1
0,0
0,1
0,0
0,0
0,1
0,0
0,0
0,1
1,1
0,1
1,0
0,0
0,0
0,0
0,0
0,1
0,0
0,1
0,0
0,1
0,1
0,0
0,0
0,1
0,1
0,0
0,0
0,0
0,1
0,0
0,0
0,1
0,1
0,1
0,1
0,1
0,0
0,0
0,0
0,0
0,0
0,0
0,1
0,1
0,1
0,0
0,0
0,0
0,0
0,1
0,1
0,0
1,0
0,0
1,1
0,1
1,1
1,0
0,1
0,0
0,1
0,0
0,1
0,0
0,1
0,1
0,1
0,0
0,1
1,0
0,0
0,1
0,0
0,0
0,0
0,1
1,0
0,0
1,0
0,0
0,0
0,1
1,0
0,1
0,1
0,0
0,1
0,0
0,1
0,1
0,1
0,1
0,0
0,1
0,1
0,0
0,0
0,0
0,0
0,0
0,1
0,1
0,1
1,1
0,1
0,0
0,1
0,1
0,1
0,1
1,0
0,1
0,1
0,0
0,1
0,0
0,1
0,0
0,0
0,1
0,0
0,1
0,0
0,1
0,0
0,0
0,1
0,1
0,1
0,1
0,0
0,1
0,0
0,1
1,0
0,0
0,0
0,0
0,1
0,1
1,1
0,0
0,0
0,0
0,1
0,0
0,0
0,0
0,1
0,1
0,1
0,0
0,0
0,0
0,1
0,1
0,0
0,1
0,1
0,1
0,1
0,1
0,0
0,0
0,1
0,0
0,0
0,0
0,1
0,0
1,0
0,1
0,1
0,1
0,0
0,1
0,1
0,1
0,0
0,1
0,1
1,0
0,1
0,0
0,1
0,1
0,0
0,1
0,1
1,0
0,0
0,0
0,1
0,1
0,1
0,0
0,0
0,0
1,0
0,1
0,0
0,0
0,0
0,0
0,1
0,1
1,0
0,1
0,0
0,1
0,1
0,1
0,1
0,1
0,0
0,1
0,1
0,1
0,0
0,1
0,1
0,1
0,0
0,1
0,1
0,0
0,1
0,0
0,1
0,0
0,1
0,1
0,1
0,0
1,0
1,1
0,1
0,0
0,1
1,0
0,0
0,0
0,1
0,0
0,1
0,1
0,0
0,1
1,1
0,0
0,0
0,0
0,1
1,0
1,0
0,1
0,1
0,1
0,1
0,1
0,1
0,0
0,0
0,0
0,0
0,1
0,1
0,1
0,1
1,0
0,0
0,0
1,0
0,1
0,1
0,0
0,0
0,0
0,0
0,1
0,0
0,0
0,1
0,0
0,0
0,1
0,0
0,0
0,1
0,1
1,1
0,0
1,1
0,0
0,0
0,1
0,0
0,0
0,1
1,0
0,0
0,1
0,1
0,0
0,1
0,0
0,0
0,1
0,1
0,1
1,1
0,0
0,0
0,0
0,1
0,1
0,1
0,0
0,0
0,1
0,0
0,1
0,1
0,1
0,1
0,1
0,0
0,0
0,1
0,0
0,1
0,0
0,1
0,0
0,1
0,1
0,0
1,0
0,1
0,0
1,0
0,1
1,1
0,1
0,1
0,0
1,0
1,1
0,0
0,0
0,0
0,0
0,0
0,1
0,0
0,1
1,0
0,0
1,1
0,1
0,1
0,0
0,1
0,1
0,0
0,0
0,1
0,0
0,0
0,1
0,0
0,1
0,1
0,1
0,1
0,1
0,1
0,0
0,0
0,0
0,1
0,0
0,0
0,1
0,0
0,0
0,1
0,0
1,0
0,0
0,1
0,0
0,1
0,0
0,0
0,0
0,1
0,1
0,1
0,0
0,1
0,0
0,1
0,0
0,0
1,0
0,0
0,0
0,0
0,0
0,1
0,1
0,1
0,1
0,1
0,0
0,0
0,0
0,0
0,0
0,1
0,0
0,1
0,0
0,1
0,0
1,1
0,0
0,1
1,0
0,1
0,0
0,0
1,0
1,1
0,0
0,1
1,0
0,0
0,1
0,0
0,1
0,0
0,1
0,1
0,0
0,1
0,0
0,0
0,0
0,0
0,1
0,0
0,0
0,0
0,1
0,1
0,0
0,1
0,1
0,1
1,1
1,0
0,1
0,1
0,1
0,1
0,1
0,0
1,1
0,1
0,0
0,1
0,0
1,0
0,0
0,0
0,0
0,1
0,1
0,0
0,1
0,0
0,1
0,0
0,0
0,0
0,1
1,0
1,0
0,1
0,1
0,0
0,1
0,0
0,0
0,1
0,1
0,1
1,1
0,0
0,1
0,0
1,1
0,1
0,1
1,1
0,0
0,1
0,0
0,0
0,1
0,0
0,0
0,0
0,0
0,1
0,1
0,1
0,1
0,1
0,1
0,1
1,0
0,0
0,1
0,0
0,1
0,1
0,1
0,0
0,0
0,1
0,0
0,1
0,0
0,1
0,1
0,0
0,1
0,0
0,1
0,1
0,0
0,1
0,1
0,0
0,0
1,0
0,0
0,1
0,0
1,1
0,1
0,0
0,0
0,0
0,1
0,0
0,0
0,0
0,0
0,0
0,0
0,0
0,0
1,0
0,0
0,1
0,1
0,0
1,1
0,1
0,0
0,0
0,0
0,0
0,1
0,1
1,1
0,1
0,1
0,0
0,1
0,0
0,1
0,0
1,0
0,0
0,1
1,1
0,0
0,0
0,1
0,1
0,1
0,0
0,1
1,0
0,0
0,1
0,0
0,0
0,0
0,0
0,1
0,0
0,1
0,1
0,1
0,0
1,1
1,1
0,0
0,1
0,0
0,1
1,1
0,1
0,0
0,1
0,1
0,0
0,0
0,0
0,0
0,1
0,1
0,0
0,1
0,0
0,0
0,0
0,0
0,1
0,1
0,0
0,0
0,1
0,1
0,1
0,0
0,0
1,1
0,0
0,0
0,0
0,1
0,1
0,0
0,1
0,1
0,1
0,0
0,0
0,0
0,0
0,0
0,1
0,1
0,1
0,0
0,1
0,1
0,1
0,0
0,0
0,1
0,1
0,1
0,1
0,0
0,1
0,0
1,0
0,0
0,0
0,1
0,1
0,0
0,0
0,1
0,0
0,0
1,0
0,0
0,1
0,0
0,0
0,0
0,1
0,1
0,1
0,1
0,1
1,0
0,0
0,1
0,1
0,0
0,1
0,0
0,1
0,1
0,0
0,1
0,0
1,1
0,0
0,0
0,0
0,1
0,0
0,1
0,1
0,0
0,0
0,1
0,1
0,1
0,1
0,1
0,0
1,0
0,1
0,1
0,1
0,0
0,1
0,0
0,0
0,0
0,1
0,0
0,0
0,0
0,0
0,0
0,0
0,0
0,1
0,0
0,0
0,1
0,0
0,0
0,1
1,0
0,1
0,1
0,0
0,1
0,0
0,1
0,0
0,0
1,0
0,1
0,0
0,1
0,0
0,0
0,1
0,1
0,1
0,0
0,1
1,1
0,1
0,1
0,0
0,0
0,0
0,1
0,0
0,0
0,0
0,1
0,1
0,1
0,1
0,1
0,0
0,0
0,0
0,1
1,1
0,0
1,1
0,0
1,1
0,0
0,0
0,0
0,1
0,1
1,1
0,1
0,1
0,1
0,1
0,0
0,0
0,0
0,0
0,1
0,1
0,0
0,1
0,0
0,0
0,1
0,1
0,1
0,1
0,1
0,0
1,1
0,0
0,1
1,1
0,1
0,0
0,0
0,0
0,1
0,1
0,1
0,0
0,0
0,0
0,1
0,1
0,1
0,1
0,1
0,1
0,1
0,1
0,0
0,1
0,1
0,0
0,1
0,0
0,1
0,0
0,0
0,0
0,1
0,0
0,0
0,0
1,1
0,0
0,0
0,0
0,1
0,1
0,1
0,0
0,1
0,0
0,1
1,1
0,1
0,0
0,1
0,0
0,1
0,1
0,1
1,1
0,0
0,1
0,0
0,1
0,1
0,0
0,1
0,1
0,1
0,0
0,1
0,1
0,0
0,0
0,0
1,0
0,0
0,1
1,0
0,0
0,0
0,1
0,0
0,0
0,0
0,1
0,1
0,0
0,1
0,0
0,0
0,0
0,1
0,1
0,1
0,0
0,1
0,1
0,0
0,1
0,1
0,1
0,1
0,0
0,0
0,1
0,1
0,1
0,1
0,1
0,0
0,0
0,0
0,1
1,0
1,1
0,0
1,1
0,1
0,0
0,1
0,1
0,0
0,0
0,0
1,0
0,0
0,0
0,1
0,1
0,1
1,1
0,0
0,0
0,1
0,0
0,0
0,1
0,1
0,0
0,0
0,0
0,0
0,0
0,1
0,0
0,0
0,0
0,0
0,0
0,0
1,0
0,0
0,1
0,1
0,0
0,1
0,0
0,1
0,0
0,1
0,0
0,0
0,1
0,0
0,1
0,0
1,0
0,0
0,1
0,0
0,0
0,0
0,1
0,1
0,0
0,1
0,1
0,0
0,0
0,0
1,0
0,1
0,0
1,1
0,0
0,0
0,0
0,0
0,1
0,1
0,0
0,1
0,1
0,0
0,0
0,0
0,1
1,1
1,1
0,0
0,1
0,1
0,0
0,0
0,1
0,1
1,1
0,0
0,1
0,1
0,0
1,0
1,0
0,0
0,0
1,1
0,0
0,0
0,0
0,0
0,0
0,1
0,0
0,1
0,1
0,1
0,1
1,1
0,0
0,0
0,1
0,0
0,1
0,0
0,0
0,1
0,0
0,1
1,0
0,0
1,1
0,0
0,1
0,1
0,0
0,1
0,1
0,1
0,1
1,1
0,1
0,1
0,0
1,0
0,0
0,0
0,1
0,1
0,0
0,1
0,1
1,0
0,1
0,1
0,1
0,1
0,1
0,1
0,0
1,1
0,0
0,0
0,1
0,0
0,0
0,0
0,0
0,1
1,0
1,1
0,0
0,0
0,0
0,1
0,1
0,0
0,1
0,0
0,0
0,1
0,0
0,1
0,1
0,1
0,0
1,1
0,1
1,0
0,0
0,0
1,1
0,0
0,0
0,1
0,1
0,1
0,0
0,1
0,0
0,1
0,1
1,0
1,1
0,0
0,1
0,1
0,1
0,1
0,0
0,1
1,0
0,0
0,1
0,1
0,0
1,0
1,1
0,1
0,1
1,0
0,0
1,0
1,1
0,1
0,1
0,0
0,0
0,0
0,0
0,0
0,1
0,1
0,0
0,0
1,0
0,1
0,0
0,0
0,1
0,0
0,0
0,0
0,0
0,0
0,1
0,1
0,0
0,1
0,0
0,1
0,1
0,0
0,0
1,1
0,0
0,1
0,0
1,0
0,1
0,0
0,0
0,0
0,0
0,1
0,0
0,0
0,1
0,1
0,1
0,0
0,0
1,0
0,0
0,1
0,0
0,1
0,0
1,1
1,1
0,0
0,0
0,0
0,1
0,0
0,0
0,0
0,0
0,1
1,0
0,0
1,1
0,1
0,0
0,1
0,1
0,1
0,0
0,0
1,1
0,1
0,0
0,1
0,0
0,0
1,0
0,0
0,0
1,1
0,0
0,0
0,0
0,1
1,0
0,1
0,1
0,1
0,0
0,0
0,1
0,0
0,1
0,0
0,0
1,0
1,1
0,1
0,0
0,1
0,0
0,0
0,1
0,1
0,0
0,0
1,0
1,1
0,1
1,1
0,1
0,1
0,1
0,0
0,0
0,0
0,1
1,1
1,0
0,1
0,0
0,1
0,1
0,0
0,0
0,1
0,0
0,0
0,0
0,0
0,0
0,1
0,1
0,0
0,0
0,1
0,0
0,0
1,0
0,0
0,0
0,1
0,1
0,0
0,0
0,1
0,1
0,1
0,0
0,0
0,1
0,1
0,1
0,0
1,1
0,1
0,1
0,1
0,1
0,0
0,1
0,1
0,0
1,1
0,1
0,1
0,1
0,1
0,0
0,1
0,1
0,0
0,0
0,0
0,1
0,0
0,0
0,0
0,0
0,0
1,1
0,0
0,1
0,1
0,0
0,0
0,1
0,1
0,0
0,1
1,0
0,0
0,0
0,0
0,0
0,0
0,1
0,0
1,1
0,0
0,1
0,1
0,1
0,1
0,0
0,1
1,1
0,0
0,1
0,0
0,1
0,0
0,1
0,1
0,1
0,0
0,1
0,1
0,0
0,1
0,1
0,1
0,0
0,1
0,0
0,0
0,1
0,0
0,1
0,1
1,0
0,1
0,0
0,1
0,1
0,1
0,1
0,1
0,0
0,1
0,1
0,1
0,0
0,1
0,0
0,1
0,1
0,0
0,1
0,1
0,0
0,0
0,0
0,1
0,1
1,1
0,0
0,1
0,1
0,0
0,0
0,0
0,0
0,1
0,1
0,0
0,1
0,0
0,0
0,0
0,0
0,1
0,1
0,0
0,1
0,1
0,0
0,0
0,1
0,0
0,0
0,1
0,0
1,0
0,0
0,0
0,1
0,1
0,1
0,1
0,0
1,1
0,1
0,1
1,0
0,1
0,1
0,1
0,0
0,0
0,1
0,0
0,0
0,1
0,1
0,1
0,1
0,1
0,0
0,0
0,0
0,1
0,1
0,0
0,1
0,1
0,0
0,0
0,0
0,0
0,1
0,1
0,1
0,1
0,0
0,1
0,0
0,1
0,0
0,1
0,0
0,1
0,1
0,1
0,0
0,1
1,0
0,0
1,0
0,1
0,0
0,0
0,0
0,1
0,0
0,0
0,1
0,0
0,0
0,0
0,0
0,1
0,0
0,0
1,1
0,1
0,0
1,1
0,0
0,1
0,0
0,1
0,1
0,0
0,0
0,1
0,1
0,1
0,1
0,0
0,0
0,0
1,1
0,0
0,1
0,1
0,1
0,0
0,0
0,0
1,0
0,1
0,1
1,1
0,0
0,0
0,1
0,1
0,1
0,1
0,1
0,1
0,1
0,0
0,1
0,1
0,1
0,1
0,1
0,1
0,0
0,0
0,1
0,1
1,0
0,0
0,1
0,0
0,0
0,0
0,0
0,0
0,1
0,1
1,0
0,0
1,1
0,1
0,0
0,0
0,0
0,1
0,0
0,0
0,1
0,0
0,0
0,0
1,0
0,0
0,0
0,1
0,1
0,1
0,0
0,0
0,0
0,0
0,1
0,0
0,1
0,1
0,0
0,0
0,1
0,1
1,0
0,1
0,0
0,1
0,1
0,0
0,0
1,0
0,1
1,0
0,0
0,0
0,1
0,0
0,1
0,0
0,1
0,1
0,0
0,0
0,1
0,1
0,0
0,0
0,0
1,0
0,1
0,1
1,1
0,1
0,1
0,0
0,1
0,1
1,1
0,1
0,0
1,0
0,0
0,0
0,0
0,1
0,0
0,1
0,1
0,1
0,1
0,0
0,1
0,0
0,0
0,1
0,0
0,1
0,0
0,1
1,1
0,0
0,1
0,0
0,1
0,0
0,1
0,1
0,1
0,1
0,1
0,0
0,0
0,0
1,0
0,1
0,1
0,1
0,0
0,1
0,0
0,0
0,1
0,0
0,1
0,0
0,0
0,1
0,1
0,0
0,1
0,0
0,0
0,1
0,0
1,1
0,0
0,1
0,0
0,1
0,0
1,0
0,0
0,0
0,0
0,1
0,0
0,0
0,0
0,1
0,1
0,0
0,1
0,0
0,1
0,1
0,0
0,1
0,1
1,0
0,0
0,0
0,1
0,0
0,0
0,1
0,0
0,1
0,1
0,0
0,0
0,1
0,1
1,0
0,1
0,1
1,1
0,0
0,1
0,0
0,1
0,0
1,0
0,0
0,0
0,1
0,0
0,0
1,0
0,0
0,1
0,0
0,1
0,1
0,1
0,0
1,0
0,1
1,0
0,1
1,1
1,1
0,0
0,0
0,1
0,1
0,0
0,0
0,0
0,1
1,1
0,0
0,0
0,1
0,1
0,0
0,0
0,1
0,1
0,0
0,1
0,0
0,1
0,1
1,0
0,0
0,0
0,1
0,1
0,0
0,0
0,0
0,0
0,0
0,1
0,0
0,0
0,1
0,1
0,1
0,0
0,1
0,0
0,1
0,0
0,1
0,1
0,1
0,1
0,1
0,1
0,0
0,0
0,1
0,0
0,0
0,0
0,1
0,0
0,0
0,0
0,0
0,1
0,1
0,1
0,1
0,0
1,1
0,0
0,0
0,1
0,0
0,1
0,1
0,0
0,1
0,0
0,0
0,0
0,1
0,0
0,1
0,1
0,0
0,1
0,1
0,0
0,1
0,0
0,1
0,0
0,1
0,0
0,1
0,1
0,0
0,0
0,1
0,1
0,0
1,0
0,0
0,0
0,0
0,1
0,1
0,0
0,0
0,0
0,1
0,1
0,1
0,0
0,0
0,0
0,1
0,1
0,1
0,0
0,1
1,1
0,1
0,1
0,1
1,1
0,1
0,0
1,1
0,0
0,1
0,0
0,0
0,1
0,0
0,1
0,1
0,0
0,0
0,1
0,1
0,1
0,1
0,0
0,0
0,0
0,0
0,0
0,0
0,0
0,1
0,1
1,0
0,1
0,1
0,0
0,0
0,1
0,1
0,1
0,0
0,1
0,0
0,0
0,0
0,0
0,0
0,0
0,1
0,1
0,1
0,1
0,1
0,1
0,1
0,0
0,0
0,0
0,0
0,1
1,0
0,0
0,0
0,1
0,0
0,0
0,1
0,1
0,0
0,0
0,0
0,0
0,0
0,0
0,1
0,1
0,1
0,0
0,0
0,0
0,0
0,0
0,1
0,1
0,1
0,1
1,1
0,1
0,0
0,1
0,0
0,1
0,0
0,0
0,1
0,0
0,0
0,0
0,0
0,0
0,1
0,1
0,1
0,0
1,1
0,1
0,0
0,0
1,0
0,0
0,1
0,1
0,0
0,1
0,0
0,1
0,1
0,0
0,0
0,1
0,0
0,1
0,1
0,1
0,0
0,0
0,1
0,0
0,1
0,1
0,1
0,1
0,0
0,1
0,0
0,0
0,1
0,0
0,0
0,1
0,0
1,1
1,1
0,0
0,1
0,1
0,0
1,1
0,0
0,1
0,0
0,1
0,1
0,0
0,0
0,0
0,0
0,1
0,0
0,0
0,0
0,0
0,0
0,1
0,0
1,0
0,0
1,0
0,1
0,1
0,1
0,0
0,1
0,1
1,0
0,1
0,0
0,1
0,0
0,0
1,0
0,0
0,0
1,1
0,1
0,0
0,1
0,0
1,0
0,0
0,0
0,1
0,1
0,0
1,1
0,0
0,0
0,1
0,0
1,0
0,0
0,1
0,0
0,1
0,0
0,0
0,1
1,0
0,0
0,0
0,0
1,0
0,0
0,0
0,1
0,1
0,0
1,1
0,0
0,1
0,0
0,1
0,0
1,0
0,1
0,1
0,1
0,0
0,0
0,1
0,1
0,0
0,1
0,0
0,0
0,0
0,1
0,0
0,0
1,1
0,1
0,1
0,1
0,1
0,0
0,1
0,0
0,1
0,0
0,1
0,0
0,0
0,1
0,0
0,0
0,1
0,1
0,1
0,1
0,0
0,1
0,0
0,0
0,0
0,0
1,1
0,1
0,1
1,0
0,1
0,1
0,0
0,0
0,1
0,0
0,1
0,0
0,0
0,0
0,0
0,1
0,1
0,1
0,1
0,1
0,1
1,1
0,1
0,0
0,1
0,0
0,1
1,1
0,0
0,0
0,1
0,0
0,0
0,1
0,1
0,1
0,0
0,0
0,1
0,1
0,1
0,1
1,1
0,0
0,0
0,0
0,1
0,0
0,1
0,0
0,0
0,1
0,0
1,0
0,0
0,0
0,0
0,1
0,0
0,0
0,1
1,1
0,0
1,1
0,1
0,1
0,1
0,1
0,1
0,0
1,1
0,0
0,1
0,1
0,0
0,0
0,1
0,1
0,0
0,0
0,1
0,1
0,1
0,0
0,1
0,0
0,0
0,0
0,1
0,0
0,1
0,0
1,0
1,0
0,0
0,1
1,1
0,0
0,0
0,1
0,0
0,0
0,0
0,1
1,0
0,0
0,1
0,1
0,0
1,1
0,0
0,0
1,0
0,1
0,0
0,1
0,0
0,0
0,1
0,1
1,1
0,0
0,0
0,1
0,0
0,0
0,1
0,1
0,1
0,1
0,0
0,0
0,1
1,1
0,1
0,1
0,1
0,1
0,0
0,0
0,1
0,0
0,0
0,0
0,0
0,0
0,1
0,1
0,1
1,1
0,1
0,0
0,0
0,0
0,0
0,0
1,1
0,0
0,1
0,1
0,0
0,0
0,0
1,0
0,0
1,0
0,1
0,1
0,0
0,1
0,0
0,0
0,0
0,1
0,1
0,1
0,0
0,0
0,1
0,0
0,0
0,0
1,1
1,1
0,1
1,0
0,1
0,1
0,0
0,0
0,1
1,0
0,1
0,1
0,0
0,0
1,1
1,0
1,0
0,1
0,1
0,0
1,1
0,1
0,1
0,0
0,1
0,1
0,1
0,1
0,1
0,0
0,1
1,1
0,0
0,1
0,0
0,0
1,1
0,0
0,1
0,1
0,1
0,1
0,1
0,1
0,0
0,0
0,0
0,1
0,1
0,1
0,0
0,0
0,0
0,1
0,0
0,1
0,1
0,0
1,0
0,0
0,1
0,1
0,0
1,0
0,1
0,0
0,0
0,0
1,0
0,1
0,0
0,1
0,0
0,1
0,1
0,0
0,0
0,0
0,0
0,0
0,0
0,1
0,1
0,1
0,1
0,1
0,1
1,1
0,1
0,0
0,0
0,0
0,1
0,1
0,1
0,1
0,0
0,0
0,1
0,1
1,0
0,0
0,0
0,1
0,0
0,0
0,0
0,0
0,0
1,0
0,0
1,0
0,0
0,0
0,0
0,0
0,0
0,1
0,0
1,1
0,0
0,1
0,1
0,1
1,0
0,0
0,0
0,0
0,0
1,0
0,1
0,0
0,0
0,0
0,1
0,0
1,1
0,0
0,1
0,1
0,0
0,0
0,0
0,1
0,0
0,0
0,0
0,1
0,0
0,1
0,1
0,0
0,0
0,0
0,1
0,1
0,0
0,1
1,0
0,0
0,1
0,0
0,0
0,1
0,1
0,0
1,0
0,0
0,0
0,1
0,0
0,1
0,1
0,1
0,0
0,0
0,1
0,1
0,0
0,1
1,1
0,1
0,0
1,0
0,0
0,0
0,0
0,0
0,1
0,0
0,0
1,1
0,0
0,1
0,0
0,1
1,0
0,1
0,1
0,0
0,0
0,1
0,0
0,1
1,1
0,0
0,1
0,0
0,1
0,0
0,0
0,1
0,1
0,1
0,0
0,0
0,1
0,1
0,1
0,1
1,0
0,1
0,1
0,1
0,1
0,1
0,0
0,1
0,1
0,0
0,0
1,0
0,1
0,0
0,1
0,1
0,0
0,0
0,1
0,0
0,0
0,0
0,1
0,0
0,0
0,0
0,1
0,0
0,0
0,1
0,0
0,0
0,1
0,1
0,1
0,0
0,0
0,0
1,0
0,1
0,0
0,0
0,0
0,1
0,0
0,1
0,0
0,0
0,0
0,1
0,0
0,0
0,1
0,0
0,0
0,1
0,0
0,0
0,1
0,0
0,1
0,0
0,1
0,0
0,0
0,1
0,1
0,0
0,1
0,0
0,0
0,1
0,1
0,1
0,0
0,1
0,0
0,1
1,1
0,1
0,1
0,0
0,1
0,1
0,1
0,0
0,0
0,0
0,1
0,0
0,1
0,0
0,1
0,0
0,0
0,0
0,0
0,1
0,0
0,0
1,0
0,1
1,1
0,0
0,0
0,1
0,0
0,1
0,0
0,0
0,0
0,0
0,0
0,1
0,0
0,1
0,1
0,0
0,1
0,0
0,0
0,1
0,0
0,0
1,1
0,0
0,0
0,0
0,0
0,0
1,0
0,1
0,0
0,0
0,1
0,1
1,0
1,1
0,0
1,1
0,0
0,1
0,1
0,0
1,0
0,0
1,1
0,0
0,1
1,0
1,1
1,1
0,1
0,1
0,0
0,0
0,1
0,1
0,1
0,1
0,1
0,0
0,0
0,0
0,0
0,1
0,1
0,1
0,1
0,0
0,0
0,1
0,1
1,1
0,1
0,1
0,1
0,1
1,0
0,0
0,1
0,1
0,0
0,0
0,0
0,0
0,0
0,0
0,0
0,0
0,0
0,0
0,1
0,1
0,1
1,0
0,0
0,1
0,0
0,0
0,0
0,0
0,1
0,0
0,0
0,1
0,1
0,1
0,0
0,1
0,0
0,0
0,0
0,0
0,1
0,0
1,1
0,1
0,0
0,0
1,0
0,0
1,0
0,0
0,1
0,0
0,0
0,0
0,0
0,1
0,0
0,1
0,0
0,1
1,0
0,1
0,1
0,0
0,0
0,1
0,1
0,0
0,0
0,0
0,1
0,0
0,0
0,1
0,0
0,1
0,0
0,1
1,1
0,1
0,0
0,0
0,0
0,1
0,0
0,1
1,0
0,0
0,0
0,1
0,1
0,1
1,1
0,0
0,0
0,0
0,0
0,0
0,0
0,0
1,0
0,1
0,0
0,1
0,1
0,1
0,1
0,1
0,1
0,1
0,1
0,0
0,0
0,1
0,1
1,0
0,1
0,0
0,0
0,0
0,1
0,0
0,0
0,1
0,0
0,0
0,1
0,1
0,1
0,1
0,0
1,0
1,0
0,0
0,1
0,1
0,0
0,1
0,0
0,0
0,0
0,1
0,0
0,1
0,1
0,1
0,0
0,0
0,1
0,1
0,1
0,1
0,1
0,1
0,1
0,1
1,0
0,0
0,1
0,1
0,1
0,1
1,1
0,0
0,1
0,1
0,0
0,1
1,1
0,0
0,1
0,0
0,0
0,1
0,1
1,0
0,1
0,1
0,1
0,1
0,0
0,0
0,0
1,1
0,0
0,1
0,1
0,1
0,1
0,0
0,1
0,1
0,1
0,0
0,1
0,1
0,1
0,0
0,0
0,0
0,0
0,1
0,1
0,1
0,1
0,1
0,0
0,0
0,1
0,0
1,0
0,0
1,0
0,1
0,1
0,0
0,1
0,0
0,1
0,0
1,0
0,1
0,1
0,1
0,1
1,1
0,0
0,0
0,0
0,1
0,0
0,1
0,0
0,1
0,0
0,0
1,0
0,0
0,1
1,0
0,1
0,0
0,0
0,1
0,0
0,1
0,0
0,1
0,0
1,0
0,1
0,1
1,1
1,0
0,0
0,0
0,0
0,0
0,0
0,1
1,1
0,0
0,1
0,1
0,1
0,0
0,0
1,0
0,0
0,1
0,1
0,1
0,1
0,0
0,0
0,0
0,0
0,0
0,1
0,0
0,0
1,0
0,0
0,0
0,0
0,0
0,0
0,1
0,0
0,0
0,1
0,1
1,0
0,0
0,1
0,0
0,0
0,1
0,1
0,1
0,1
1,1
0,1
0,0
0,1
1,0
0,1
0,0
0,0
0,1
0,0
0,1
0,0
0,1
0,0
0,0
0,1
0,1
0,1
0,0
0,0
0,0
0,0
0,0
0,1
0,0
0,0
0,0
0,0
1,1
0,0
0,0
0,1
0,1
0,0
0,1
1,0
0,1
0,0
1,1
0,1
0,0
0,0
0,0
0,1
0,0
0,1
0,1
0,1
0,1
0,0
0,0
1,1
0,0
0,0
0,1
0,1
0,0
1,1
0,1
0,1
0,0
0,1
0,0
0,0
0,0
1,1
0,1
0,0
0,0
0,1
0,0
1,1
0,0
0,1
0,0
1,1
0,1
1,0
0,1
0,0
1,1
0,0
0,0
0,1
0,0
0,0
0,1
0,1
0,0
0,1
1,0
0,1
0,0
0,1
0,1
0,1
0,1
0,1
0,1
0,1
0,0
0,0
0,1
0,1
0,0
0,1
0,0
0,0
1,1
0,1
0,0
0,0
0,0
0,1
0,0
0,0
0,1
0,0
0,0
0,1
0,0
0,1
0,1
0,0
0,0
0,1
0,0
0,0
0,0
0,0
0,1
0,1
0,0
0,1
0,0
0,0
0,1
0,0
0,0
1,1
0,0
0,1
0,1
1,0
0,1
0,1
0,1
0,1
0,1
0,1
0,1
0,1
0,1
0,1
0,1
1,1
0,0
0,0
0,1
0,0
0,0
0,1
0,1
0,0
0,0
0,0
0,1
0,1
0,1
0,1
0,1
0,0
1,1
0,1
0,0
1,0
0,1
0,1
0,0
0,0
0,1
0,0
1,1
0,1
0,0
0,1
0,1
0,0
0,0
0,0
0,0
0,0
0,1
0,0
0,0
0,1
0,1
0,0
0,1
0,1
0,0
0,1
0,0
0,0
0,1
1,0
0,1
0,0
1,0
0,0
0,0
0,1
0,1
0,1
1,1
0,0
1,0
0,0
0,0
0,1
0,0
0,1
0,1
0,1
1,0
0,1
0,1
0,0
0,1
0,1
0,0
0,1
0,1
0,1
0,0
0,0
0,0
1,1
0,0
0,1
0,0
0,1
0,1
0,1
0,0
0,0
0,1
0,0
0,0
0,0
0,1
1,0
0,1
0,1
0,0
0,0
0,1
0,1
0,1
0,0
0,0
0,0
0,1
0,0
0,1
0,0
0,0
1,1
1,1
0,0
0,1
0,0
0,0
0,0
0,1
0,0
0,0
0,1
0,1
0,1
0,1
0,1
0,0
0,1
0,1
0,1
0,0
0,1
0,0
1,1
0,0
0,0
0,0
0,0
0,0
0,0
0,0
0,0
0,1
0,1
1,1
0,0
0,1
0,1
1,0
0,0
0,1
1,0
0,1
0,0
0,0
0,1
0,1
0,0
0,0
0,1
0,1
0,1
0,1
0,1
0,0
0,1
0,0
0,0
0,0
0,1
0,0
0,1
0,1
0,0
0,0
0,1
1,0
0,1
0,0
0,1
0,1
0,0
0,0
0,0
0,0
0,0
0,0
0,0
0,0
1,1
1,0
1,1
0,1
0,1
0,1
0,1
0,0
0,1
0,1
0,1
0,1
0,0
0,0
0,0
0,1
0,1
0,0
0,1
0,1
0,0
0,0
0,1
0,1
0,0
0,1
0,1
0,1
0,1
0,0
0,1
0,1
0,1
0,0
1,0
0,1
0,0
0,0
0,1
0,0
0,0
0,0
1,0
0,1
1,0
0,0
0,1
0,1
0,0
0,0
0,0
0,0
0,0
0,0
0,1
1,0
0,0
0,0
0,0
0,0
0,1
0,1
0,0
0,0
0,1
0,0
0,1
0,1
0,0
0,0
0,0
0,0
0,0
0,0
0,0
0,0
0,0
0,0
0,1
0,0
0,0
0,0
0,1
0,0
0,1
0,0
0,0
0,1
0,1
1,1
0,0
0,0
0,1
0,1
1,1
0,1
0,1
0,1
0,0
0,1
0,0
0,0
0,1
0,0
0,0
0,0
0,0
1,1
0,1
1,1
0,0
0,0
0,1
0,1
1,0
0,1
0,1
1,0
0,1
0,0
0,1
1,1
0,0
0,1
0,0
1,1
1,0
0,0
0,1
0,1
0,1
0,1
0,0
0,1
0,1
1,1
0,0
0,1
0,0
0,1
0,0
0,0
0,0
0,0
0,1
0,0
0,1
1,1
0,0
0,0
1,0
0,0
0,1
0,1
0,1
0,1
0,0
0,1
0,0
0,0
1,1
0,0
0,1
1,0
0,0
0,0
0,1
0,1
0,1
0,1
0,0
0,0
0,0
1,0
0,1
1,0
0,1
0,0
0,1
0,0
0,1
0,1
0,0
0,0
0,1
1,1
0,1
0,0
0,1
0,1
0,0
0,0
0,0
0,1
0,1
1,0
0,0
1,0
0,1
0,0
0,0
0,0
0,0
0,0
0,0
0,0
0,1
0,0
0,1
0,0
0,0
1,0
0,0
0,0
0,1
0,1
0,0
1,1
0,0
0,1
1,1
1,1
0,0
0,1
0,0
0,1
0,1
0,1
0,0
0,1
0,1
1,0
1,0
0,1
0,1
0,1
0,0
0,0
1,0
1,1
0,0
1,0
1,1
0,0
0,1
0,0
0,0
0,1
0,1
0,0
0,1
0,0
0,1
1,0
0,1
0,1
1,1
0,0
0,0
0,0
0,1
0,0
0,1
0,1
1,1
0,0
0,0
0,0
0,1
0,0
0,1
0,0
0,0
0,1
0,0
0,0
0,0
0,0
0,0
0,1
0,0
1,0
0,1
0,0
0,0
0,1
0,1
0,1
0,1
0,0
0,0
0,1
0,0
0,1
0,1
1,1
0,1
0,1
0,0
0,0
0,0
0,1
0,0
0,1
0,1
0,0
0,1
0,0
0,0
0,1
0,0
0,0
0,1
0,0
0,0
0,0
0,0
0,1
0,1
0,1
0,0
0,0
0,0
0,1
0,1
0,0
0,1
0,0
0,1
0,1
0,1
0,0
0,1
0,0
0,0
0,0
1,0
0,0
0,0
0,0
0,1
0,0
0,1
0,0
0,1
0,0
0,0
0,0
0,1
0,0
0,1
0,0
0,0
0,0
0,0
0,0
0,0
0,0
0,1
0,1
1,0
0,0
0,1
0,0
0,0
0,0
0,0
0,1
0,1
0,1
0,0
0,0
1,0
0,1
0,1
0,1
0,0
0,1
0,1
0,0
0,1
0,0
0,0
0,0
0,1
0,0
0,1
0,1
0,1
0,0
1,0
1,1
0,0
0,0
0,0
0,1
1,1
0,0
0,0
0,1
0,1
1,0
0,1
0,0
0,1
0,0
0,1
0,0
0,0
0,1
0,1
0,0
0,1
0,0
0,1
0,0
0,0
1,1
0,1
0,1
0,0
0,1
0,0
1,1
0,1
0,1
0,0
0,0
0,0
0,0
0,0
0,1
0,0
0,1
0,0
0,0
0,0
0,1
0,0
0,0
0,1
1,1
0,1
0,1
0,0
0,1
0,1
0,0
0,0
0,1
0,1
0,1
0,1
0,0
0,1
0,0
0,1
0,1
0,1
0,0
0,0
1,1
0,0
0,1
0,0
1,0
0,1
0,0
0,1
0,0
0,0
0,0
0,0
0,1
0,1
0,1
0,0
0,1
0,0
0,0
0,1
0,0
0,1
0,1
0,0
1,0
0,1
0,0
0,0
0,1
0,0
0,0
0,0
0,0
0,1
0,1
0,0
0,1
0,1
0,1
1,1
0,1
0,0
0,0
0,1
0,1
0,1
0,0
0,1
0,0
0,0
0,0
0,0
0,0
0,0
0,0
0,0
0,0
0,1
0,1
0,1
0,0
1,0
1,0
0,0
0,1
0,1
1,1
0,1
0,0
0,1
0,1
0,0
0,0
0,1
0,0
0,1
0,0
0,1
0,0
0,0
0,0
0,0
0,1
0,0
0,0
1,1
0,1
0,0
0,0
0,1
1,1
0,1
0,1
0,0
1,1
0,0
0,0
0,0
0,0
0,0
0,0
0,1
0,0
0,1
0,1
0,1
1,0
0,0
1,0
0,0
0,0
0,0
0,1
0,0
0,0
0,1
0,1
0,1
1,0
1,0
0,0
0,0
1,0
0,1
0,0
0,1
0,1
0,0
0,1
0,0
0,0
0,1
0,0
0,0
0,0
0,1
0,0
1,0
0,0
0,0
0,0
0,1
0,0
1,0
0,1
0,1
0,1
0,0
0,1
0,1
0,1
1,0
0,1
1,0
0,0
0,0
1,0
0,0
0,1
0,1
0,0
1,0
0,0
0,1
0,0
0,1
0,0
0,1
1,1
0,0
0,0
1,1
0,0
0,0
0,1
0,0
0,1
0,1
0,1
0,1
0,0
0,1
0,0
0,1
0,0
0,1
0,1
0,0
0,1
0,1
0,1
0,0
0,0
0,1
0,1
0,0
0,1
0,0
0,0
0,0
0,1
0,1
1,1
0,1
0,1
0,1
1,0
0,0
0,1
0,1
0,1
0,0
0,0
0,0
0,0
0,1
0,1
0,0
0,1
0,1
0,1
0,1
0,1
0,0
0,1
0,1
0,0
0,1
0,0
0,0
0,1
0,1
0,0
0,1
0,1
0,1
0,1
0,0
0,1
0,0
0,1
0,1
0,1
0,1
0,1
0,1
0,0
0,0
0,0
1,0
0,1
0,1
0,1
0,0
0,1
0,1
0,0
0,0
0,0
0,0
0,0
1,0
0,1
0,1
0,0
0,1
0,1
0,0
0,0
0,0
1,0
0,0
0,0
0,1
0,0
0,1
0,0
0,0
0,1
0,1
0,0
0,1
0,0
1,1
0,0
0,1
0,1
0,0
0,0
0,0
0,0
0,1
0,1
0,1
0,1
0,0
1,1
0,0
0,1
0,1
0,0
0,0
0,1
0,1
0,0
0,1
0,0
0,1
0,0
0,1
0,0
0,1
0,0
0,0
0,0
0,1
0,1
0,0
1,0
0,1
0,1
0,0
1,1
0,1
0,0
0,0
0,1
0,1
0,0
0,0
0,1
0,0
0,0
0,0
1,1
0,0
0,1
0,0
0,0
1,1
0,1
0,0
0,0
0,0
0,0
0,1
0,1
0,1
0,1
0,1
0,0
0,1
0,0
1,1
0,0
0,1
0,1
0,1
0,0
0,0
0,1
0,1
0,0
0,1
0,1
1,1
0,0
0,0
0,1
0,0
1,1
0,1
0,0
0,0
0,0
0,1
0,0
0,1
0,0
0,0
0,1
0,0
0,1
0,1
0,0
0,0
0,1
1,0
0,0
0,0
0,1
0,1
0,1
0,1
0,0
0,1
0,0
0,0
0,1
0,0
0,0
0,1
0,0
0,1
1,0
0,1
1,1
0,1
0,1
0,0
0,0
0,0
0,0
0,0
0,0
0,0
0,1
0,1
0,0
0,1
0,1
0,1
0,0
0,1
1,1
1,0
0,0
0,0
0,0
0,1
0,1
0,1
1,1
0,0
0,0
0,0
0,1
0,0
0,0
0,1
0,0
0,1
0,1
1,1
0,0
1,1
0,1
0,1
1,0
0,1
0,1
0,0
0,1
0,0
1,1
0,0
0,1
1,1
0,1
0,0
0,0
0,0
0,1
0,1
0,0
0,0
0,1
0,0
0,0
0,1
0,0
0,1
0,1
0,1
0,0
0,0
1,1
1,1
0,0
0,1
0,1
0,0
0,0
1,1
0,1
0,0
0,0
0,0
0,0
0,0
1,0
0,0
0,0
0,1
0,0
0,1
0,0
0,0
0,0
0,1
0,1
0,0
0,1
0,1
0,0
0,1
0,0
0,1
0,0
0,0
0,0
0,1
0,1
0,1
0,1
0,1
0,0
1,1
0,0
0,0
0,1
0,0
0,1
0,1
0,1
0,1
0,0
0,0
0,0
0,1
0,1
0,0
0,1
0,1
0,1
0,0
0,0
0,1
0,0
0,1
0,0
0,1
0,0
0,1
0,1
0,1
0,1
0,0
0,1
0,1
0,1
0,1
0,0
0,1
0,1
0,1
0,0
0,0
0,0
0,1
0,1
0,0
0,0
0,0
0,1
0,0
0,0
0,0
0,0
0,0
0,1
0,1
1,1
0,0
0,0
0,1
0,0
0,1
0,0
0,1
0,0
0,0
0,0
0,1
0,0
1,1
0,0
0,1
0,1
0,1
0,1
1,0
0,1
0,0
0,1
0,0
0,0
0,1
0,1
0,1
0,1
0,1
1,1
0,1
0,1
0,0
0,0
0,0
0,1
0,1
1,1
0,0
0,0
0,1
1,0
0,1
0,0
1,0
0,1
0,1
0,0
0,1
0,0
1,1
0,0
0,0
0,1
0,0
0,1
0,1
0,0
0,0
0,1
0,0
0,0
0,0
1,1
0,0
0,1
0,1
0,1
0,0
0,1
0,1
0,0
0,0
0,0
0,0
0,0
0,1
1,0
0,0
0,1
0,0
0,0
0,0
0,1
0,0
0,0
1,0
0,1
0,1
0,1
0,0
0,1
0,0
0,0
0,1
0,1
0,1
0,0
0,1
0,1
0,0
0,1
0,0
0,1
0,0
0,0
0,0
0,0
0,0
0,0
0,0
0,1
0,1
0,1
0,1
0,1
0,1
0,0
0,1
0,0
0,1
0,1
0,1
0,0
1,1
1,1
0,1
0,0
0,0
0,1
0,1
0,1
0,1
0,0
1,0
0,0
0,0
0,1
0,0
0,0
0,1
1,0
0,1
0,0
0,1
0,1
0,1
0,1
0,0
0,1
0,0
0,0
0,0
0,1
0,1
0,1
0,0
0,0
0,1
0,0
0,0
0,1
0,1
0,0
0,0
0,1
0,1
0,0
0,1
0,0
0,0
1,0
0,1
0,1
0,1
0,0
1,0
0,0
